home,away,h_back,h_lay,d_back,d_lay,a_back,a_lay,source
West Ham United,Queens Park Rangers,1.47,1.48,5.5,5.6,7.0,7.2,Betfair Exchange
Charlton Athletic,Bristol City,3.4,3.5,3.45,3.5,2.36,2.4,Betfair Exchange
Swansea City,Norwich City,2.3,2.34,3.6,3.65,3.35,3.45,Betfair Exchange
West Bromwich Albion,Birmingham City,2.72,2.74,3.4,3.45,2.92,2.94,Betfair Exchange
Blackburn Rovers,Cardiff City,2.96,3.0,3.75,3.8,2.48,2.52,Betfair Exchange
Bolton Wanderers,Stoke City,2.86,2.9,3.55,3.6,2.66,2.7,Betfair Exchange
Derby County,Wrexham,3.1,3.2,3.4,3.5,2.5,2.54,Betfair Exchange
Middlesbrough,Wolverhampton Wanderers,2.24,2.26,3.85,3.9,3.35,3.4,Betfair Exchange
Preston North End,Millwall,3.1,3.2,3.6,3.65,2.44,2.48,Betfair Exchange
Sheffield United,Lincoln City,2.28,2.32,3.4,3.5,3.55,3.65,Betfair Exchange
Watford,Burnley,3.0,3.05,3.6,3.65,2.54,2.56,Betfair Exchange
Southampton,Portsmouth,1.67,1.69,4.3,4.4,5.8,5.9,Betfair Exchange
