player_id,first_name,last_name,display_name,position,squad_id,gameweek,opponent_id,opponent_name,fixture_difficulty,is_home,minutes_played,goals_scored,hat_tricks,assists,penalty_misses,own_goals,yellow_cards,red_cards,saves,penalty_saves,clean_sheet,goals_conceded,clearances,blocks,tackles,interceptions,key_passes,shots_on_target,points
12153,Ian,Henderson,I. Henderson,FWD,82,7,2048,Fleetwood,medium,A,0,0,0,0,0,0,0,0,0,0,0,0,0,0,0,0,0,0,0
19250,Shaun,Whalley,S. Whalley,FWD,888,7,46,Swindon,medium,A,0,0,0,0,0,0,0,0,0,0,0,0,0,0,0,0,0,0,0
20460,Kyle,McFadzean,K. McFadzean,DEF,98,7,87,Cheltenham,hard,A,90,0,0,0,0,0,0,0,0,0,0,2,1,2,2,0,0,0,3
36869,James,Wilson,J. Wilson,DEF,87,7,98,Chesterfield,hard,H,31,0,0,0,0,0,0,0,0,0,0,0,3,0,0,0,0,0,1
48613,Ched,Evans,C. Evans,FWD,2048,7,82,Rochdale,medium,H,90,0,0,0,0,0,0,0,0,0,0,0,0,0,0,0,2,2,5
48903,Joe,Day,J. Day,GK,87,7,98,Chesterfield,hard,H,0,0,0,0,0,0,0,0,0,0,0,0,0,0,0,0,0,0,0
49145,Tom,Graves,T. Graves,DEF,51,7,72,Rotherham,medium,A,0,0,0,0,0,0,0,0,0,0,0,0,0,0,0,0,0,0,0
49773,Albert,Adomah,A. Adomah,FWD,42,7,44,Tranmere,medium,A,13,0,0,0,0,0,0,0,0,0,0,0,0,0,0,0,0,0,1
49949,Garath,McCleary,G. McCleary,FWD,100,7,78,York,hard,A,59,0,0,0,0,0,1,0,0,0,0,0,0,0,0,0,1,0,0
56917,Steve,Cook,S. Cook,DEF,112,7,108,Reading,medium,H,90,0,0,0,0,0,0,0,0,0,0,2,11,1,0,0,0,0,3
58347,Aden,Flint,A. Flint,DEF,82,7,2048,Fleetwood,medium,A,90,1,0,0,0,0,0,0,0,0,0,1,19,2,0,0,0,0,14
59037,Will,Grigg,W. Grigg,FWD,98,7,87,Cheltenham,hard,A,0,0,0,0,0,0,0,0,0,0,0,0,0,0,0,0,0,0,0
59127,Danny,Andrew,D. Andrew,DEF,2048,7,82,Rochdale,medium,H,0,0,0,0,0,0,0,0,0,0,0,0,0,0,0,0,0,0,0
60295,Connor,Jennings,C. Jennings,FWD,44,7,42,Walsall,hard,H,0,0,0,0,0,0,0,0,0,0,0,0,0,0,0,0,0,0,0
60753,Tom,Naylor,T. Naylor,MID,98,7,87,Cheltenham,hard,A,3,0,0,0,0,0,0,0,0,0,0,0,0,0,0,0,0,0,1
73256,Joe,Edwards,J. Edwards,DEF,76,7,587,Burton,hard,H,31,0,0,0,0,0,0,0,0,0,0,1,1,0,1,0,0,0,1
73388,Andy,Cook,A. Cook,FWD,53,7,437,Newport,easy,A,31,0,0,0,0,0,1,0,0,0,0,0,0,0,0,0,1,0,0
73716,Jack,Hunt,J. Hunt,DEF,78,7,100,Gillingham,medium,H,0,0,0,0,0,0,0,0,0,0,0,0,0,0,0,0,0,0,0
78154,Jayden,Stockley,J. Stockley,FWD,2623,7,101,Cambridge,hard,A,90,1,0,0,0,0,0,0,0,0,0,0,0,0,0,0,0,2,9
78296,Ryan,Tafazolli,R. Tafazolli,DEF,46,7,888,Accrington,easy,H,0,0,0,0,0,0,0,0,0,0,0,0,0,0,0,0,0,0,0
78612,Omar,Beckles,O. Beckles,DEF,100,7,78,York,hard,A,90,0,0,0,0,0,1,0,0,0,0,3,3,0,3,0,0,0,1
78911,Kadeem,Harris,K. Harris,FWD,100,7,78,York,hard,A,0,0,0,0,0,0,0,0,0,0,0,0,0,0,0,0,0,0,0
79934,Oliver,Norwood,O. Norwood,MID,48,7,73,Peterborough,easy,H,90,0,0,0,0,0,0,0,0,0,0,0,0,0,0,2,1,1,7
80183,Luke,Garbutt,L. Garbutt,DEF,3448,7,105,Oldham,easy,A,11,0,0,1,0,0,0,0,0,0,0,0,1,0,0,0,0,0,4
80942,Tom,Bradshaw,T. Bradshaw,FWD,72,7,51,Crewe,medium,H,57,0,0,0,0,0,1,0,0,0,0,0,0,0,0,0,0,1,1
80979,Andreas,Weimann,A. Weimann,FWD,87,7,98,Chesterfield,hard,H,86,1,0,0,0,0,1,0,0,0,0,0,0,0,0,0,0,1,7
82412,Jack,Grimmer,J. Grimmer,DEF,112,7,108,Reading,medium,H,0,0,0,0,0,0,0,0,0,0,0,0,0,0,0,0,0,0,0
82580,Ollie,Clarke,O. Clarke,MID,46,7,888,Accrington,easy,H,67,0,0,0,0,0,0,0,0,0,0,0,0,0,0,0,1,1,3
83393,Oliver,Turton,O. Turton,DEF,3448,7,105,Oldham,easy,A,0,0,0,0,0,0,0,0,0,0,0,0,0,0,0,0,0,0,0
84939,Danny,Ings,D. Ings,FWD,112,7,108,Reading,medium,H,18,1,0,0,0,0,0,0,0,0,0,0,0,0,0,0,0,1,7
85885,Sam,Finley,S. Finley,MID,44,7,42,Walsall,hard,H,1,0,0,0,0,0,0,0,0,0,0,0,0,0,0,0,0,0,1
86176,Tom,Ince,T. Ince,MID,44,7,42,Walsall,hard,H,90,0,0,0,0,0,0,0,0,0,0,0,0,0,0,2,2,2,9
87110,Conor,Thomas,C. Thomas,MID,51,7,72,Rotherham,medium,A,17,0,0,0,0,0,0,0,0,0,0,0,0,0,0,0,0,0,1
87111,Ollie,Banks,O. Banks,MID,78,7,100,Gillingham,medium,H,81,0,0,0,0,0,0,0,0,0,0,0,0,0,0,0,1,0,2
87115,Richard,Smallwood,R. Smallwood,MID,96,7,71,Exeter,easy,H,90,0,0,0,0,0,0,0,0,0,0,0,0,0,0,0,0,0,2
87408,Andy,Yiadom,A. Yiadom,DEF,2623,7,101,Cambridge,hard,A,90,0,0,1,0,0,1,0,0,0,0,1,5,0,6,0,0,0,8
88044,Ashley,Palmer,A. Palmer,DEF,78,7,100,Gillingham,medium,H,0,0,0,0,0,0,0,0,0,0,0,0,0,0,0,0,0,0,0
90690,Patrick,Bauer,P. Bauer,DEF,101,7,2623,AFC Wim,hard,H,0,0,0,0,0,0,0,0,0,0,0,0,0,0,0,0,0,0,0
90938,Ollie,Palmer,O. Palmer,FWD,46,7,888,Accrington,easy,H,0,0,0,0,0,0,0,0,0,0,0,0,0,0,0,0,0,0,0
91043,Connor,Ripley,C. Ripley,GK,46,7,888,Accrington,easy,H,90,0,0,0,0,0,0,0,3,0,0,1,0,0,0,0,0,0,4
91046,Cauley,Woodrow,C. Woodrow,FWD,112,7,108,Reading,medium,H,45,0,0,0,0,0,0,0,0,0,0,0,0,0,0,0,2,0,2
91915,Sean,Raggett,S. Raggett,DEF,99,7,74,Shrewsbury,easy,A,90,0,0,0,0,0,0,0,0,0,0,2,9,0,0,0,0,0,3
92178,Ethan,Ebanks-Landell,E. Ebanks-Landell,DEF,82,7,2048,Fleetwood,medium,A,0,0,0,0,0,0,0,0,0,0,0,0,0,0,0,0,0,0,0
93469,Mickey,Demetriou,M. Demetriou,DEF,51,7,72,Rotherham,medium,A,0,0,0,0,0,0,0,0,0,0,0,0,0,0,0,0,0,0,0
93480,Josh,Ruffels,J. Ruffels,DEF,74,7,99,Colchester,medium,H,0,0,0,0,0,0,0,0,0,0,0,0,0,0,0,0,0,0,0
95323,Lee,Burge,L. Burge,GK,3448,7,105,Oldham,easy,A,0,0,0,0,0,0,0,0,0,0,0,0,0,0,0,0,0,0,0
95767,Josh,Scowen,J. Scowen,MID,112,7,108,Reading,medium,H,90,0,0,0,0,0,0,0,0,0,0,0,0,0,0,0,3,0,3
96607,Ellis,Harrison,E. Harrison,FWD,96,7,71,Exeter,easy,H,79,0,0,0,0,0,1,0,0,0,0,0,0,0,0,0,3,1,3
96783,Danny,Rose,D. Rose,FWD,71,7,96,Bristol R,hard,A,90,0,0,0,0,0,0,0,0,0,0,0,0,0,0,0,1,1,3
96988,Tom,Nichols,T. Nichols,FWD,46,7,888,Accrington,easy,H,0,0,0,0,0,0,0,0,0,0,0,0,0,0,0,0,0,0,0
104047,Pelly,Mpanzu,P. Mpanzu,MID,101,7,2623,AFC Wim,hard,H,90,0,0,1,0,0,1,0,0,0,0,0,0,0,0,1,1,0,6
104536,Ian,Lawlor,I. Lawlor,GK,51,7,72,Rotherham,medium,A,0,0,0,0,0,0,0,0,0,0,0,0,0,0,0,0,0,0,0
106423,George,Evans,G. Evans,MID,587,7,76,Plymouth,hard,A,90,0,0,0,0,0,0,0,0,0,0,0,0,0,0,2,0,1,7
106876,Oliver,Norburn,O. Norburn,MID,105,7,3448,Salford,hard,H,90,0,0,0,0,0,0,0,0,0,0,0,0,0,0,2,3,0,7
106980,Paul,Digby,P. Digby,MID,99,7,74,Shrewsbury,easy,A,0,0,0,0,0,0,0,0,0,0,0,0,0,0,0,0,0,0,0
109011,Joe,Rafferty,J. Rafferty,DEF,72,7,51,Crewe,medium,H,33,0,0,0,0,0,0,0,0,0,0,0,4,0,1,0,0,0,2
109195,Jamie,Walker,J. Walker,FWD,53,7,437,Newport,easy,A,90,0,0,0,0,0,0,0,0,0,0,0,0,0,0,0,1,0,2
109633,Dominic,Iorfa,D. Iorfa,DEF,72,7,51,Crewe,medium,H,90,0,0,0,0,1,0,0,0,0,0,1,4,0,1,0,0,0,0
109674,Cole,Stockton,C. Stockton,FWD,888,7,46,Swindon,medium,A,22,0,0,0,0,0,0,0,0,0,0,0,0,0,0,0,0,1,2
110578,Jay,Lynch,J. Lynch,GK,2048,7,82,Rochdale,medium,H,90,0,0,0,0,0,0,0,4,0,0,2,0,0,0,0,0,0,3
112211,Will,Vaulks,W. Vaulks,MID,44,7,42,Walsall,hard,H,90,0,0,1,0,0,0,0,0,0,0,0,0,0,0,2,3,1,11
112763,Pierce,Sweeney,P. Sweeney,DEF,87,7,98,Chesterfield,hard,H,78,0,0,0,0,0,1,0,0,0,0,1,10,1,3,0,0,0,4
113028,Emmanuel,Dieseruvwe,E. Dieseruvwe,FWD,82,7,2048,Fleetwood,medium,A,6,0,0,0,0,0,0,0,0,0,0,0,0,0,0,0,0,0,1
113534,Matt,Macey,M. Macey,GK,112,7,108,Reading,medium,H,0,0,0,0,0,0,0,0,0,0,0,0,0,0,0,0,0,0,0
114041,Jack,Price,J. Price,MID,74,7,99,Colchester,medium,H,0,0,0,0,0,0,0,0,0,0,0,0,0,0,0,0,0,0,0
114312,Mikaël,Mandron,M. Mandron,FWD,48,7,73,Peterborough,easy,H,0,0,0,0,0,0,0,0,0,0,0,0,0,0,0,0,0,0,0
115557,Gwion,Edwards,G. Edwards,MID,71,7,96,Bristol R,hard,A,77,0,0,0,0,0,1,0,0,0,0,0,0,0,0,0,0,1,2
117233,Chey,Dunkley,C. Dunkley,DEF,98,7,87,Cheltenham,hard,A,0,0,0,0,0,0,0,0,0,0,0,0,0,0,0,0,0,0,0
120510,Luke,Leahy,L. Leahy,MID,112,7,108,Reading,medium,H,0,0,0,0,0,0,0,0,0,0,0,0,0,0,0,0,0,0,0
121561,Joe,McDonnell,J. McDonnell,GK,2623,7,101,Cambridge,hard,A,0,0,0,0,0,0,0,0,0,0,0,0,0,0,0,0,0,0,0
122230,Jamie,Reid,J. Reid,FWD,108,7,112,Wycombe,medium,A,6,0,0,0,0,0,0,0,0,0,0,0,0,0,0,0,0,0,1
123082,Dan,Butler,D. Butler,DEF,46,7,888,Accrington,easy,H,80,0,0,1,0,0,0,0,0,0,0,1,4,0,2,0,0,0,7
123709,Joe,Ironside,J. Ironside,FWD,44,7,42,Walsall,hard,H,61,0,0,0,1,0,0,0,0,0,0,0,0,0,0,0,2,1,1
124077,Ryan,Watson,R. Watson,MID,44,7,42,Walsall,hard,H,0,0,0,0,0,0,0,0,0,0,0,0,0,0,0,0,0,0,0
124125,Tom,Anderson,T. Anderson,DEF,74,7,99,Colchester,medium,H,90,0,0,0,0,0,0,0,0,0,0,2,2,0,1,0,0,0,1
124982,Bradley,Dack,B. Dack,MID,100,7,78,York,hard,A,25,0,0,0,0,0,0,0,0,0,0,0,0,0,0,0,0,0,1
130103,Hiram,Boateng,H. Boateng,MID,78,7,100,Gillingham,medium,H,0,0,0,0,0,0,0,0,0,0,0,0,0,0,0,0,0,0,0
132200,Mark,Kitching,M. Kitching,DEF,78,7,100,Gillingham,medium,H,90,0,0,0,0,0,0,0,0,0,1,0,1,0,3,0,0,0,8
133072,Aaron,Nemane,A. Nemane,FWD,72,7,51,Crewe,medium,H,58,0,0,0,0,0,0,0,0,0,0,0,0,0,0,0,1,0,1
138009,Sullay,Kaikai,S. Kaikai,FWD,101,7,2623,AFC Wim,hard,H,0,0,0,0,0,0,0,0,0,0,0,0,0,0,0,0,0,0,0
146339,Donervon,Daniels,D. Daniels,DEF,105,7,3448,Salford,hard,H,0,0,0,0,0,0,0,0,0,0,0,0,0,0,0,0,0,0,0
149421,Michael,Rose,M. Rose,DEF,3448,7,105,Oldham,easy,A,0,0,0,0,0,0,0,0,0,0,0,0,0,0,0,0,0,0,0
149443,Nick,Freeman,N. Freeman,MID,100,7,78,York,hard,A,90,0,0,0,0,0,0,0,0,0,0,0,0,0,0,0,0,0,2
150707,Harry,Cornick,H. Cornick,FWD,2623,7,101,Cambridge,hard,A,0,0,0,0,0,0,0,0,0,0,0,0,0,0,0,0,0,0,0
152963,Matty,Virtue,M. Virtue,MID,46,7,888,Accrington,easy,H,23,0,0,0,0,0,0,0,0,0,0,0,0,0,0,1,0,1,4
153352,Christian,Doidge,C. Doidge,FWD,437,7,53,Grimsby,hard,H,90,1,0,0,0,0,0,0,0,0,0,0,0,0,0,0,2,1,9
153477,Conor,Masterson,C. Masterson,DEF,108,7,112,Wycombe,medium,A,0,0,0,0,0,0,0,0,0,0,0,0,0,0,0,0,0,0,0
153724,Conor,Grant,C. Grant,MID,888,7,46,Swindon,medium,A,0,0,0,0,0,0,0,0,0,0,0,0,0,0,0,0,0,0,0
153772,Luke,McGee,L. McGee,GK,44,7,42,Walsall,hard,H,0,0,0,0,0,0,0,0,0,0,0,0,0,0,0,0,0,0,0
153775,Dominic,Ball,D. Ball,MID,101,7,2623,AFC Wim,hard,H,90,0,0,0,0,0,0,0,0,0,0,0,0,0,0,0,0,0,2
154133,Liam,Kelly,L. Kelly,MID,73,7,48,Stockport,hard,A,90,0,0,0,0,0,0,0,0,0,0,0,0,0,0,3,1,0,8
154510,Ryan,Boot,R. Boot,GK,98,7,87,Cheltenham,hard,A,90,0,0,0,0,0,0,0,1,0,0,2,0,0,0,0,0,0,1
154511,Christy,Pym,C. Pym,GK,53,7,437,Newport,easy,A,90,0,0,0,0,0,0,0,3,0,0,2,0,0,0,0,0,0,3
154568,Sam,Lavelle,S. Lavelle,DEF,53,7,437,Newport,easy,A,0,0,0,0,0,0,0,0,0,0,0,0,0,0,0,0,0,0,0
154581,Luke,Molyneux,L. Molyneux,MID,3448,7,105,Oldham,easy,A,79,1,0,1,0,0,0,0,0,0,0,0,0,0,0,0,3,1,13
155202,Farrend,Rawson,F. Rawson,DEF,888,7,46,Swindon,medium,A,0,0,0,0,0,0,0,0,0,0,0,0,0,0,0,0,0,0,0
156520,Ryan,Fallowfield,R. Fallowfield,DEF,78,7,100,Gillingham,medium,H,90,0,0,0,0,0,0,0,0,0,1,0,2,1,0,0,0,0,7
156699,Cameron,Norman,C. Norman,DEF,437,7,53,Grimsby,hard,H,71,0,0,1,0,0,0,0,0,0,1,0,3,0,0,0,0,0,10
159173,Callum,Camps,C. Camps,MID,48,7,73,Peterborough,easy,H,0,0,0,0,0,0,0,0,0,0,0,0,0,0,0,0,0,0,0
160816,Donald,Love,D. Love,DEF,888,7,46,Swindon,medium,A,90,0,0,0,0,0,0,0,0,0,0,1,4,0,3,0,0,0,4
160996,Jack,Marriott,J. Marriott,FWD,108,7,112,Wycombe,medium,A,75,0,0,0,0,0,0,0,0,0,0,0,0,0,0,0,1,1,3
161043,Andy,Cannon,A. Cannon,MID,2048,7,82,Rochdale,medium,H,0,0,0,0,0,0,0,0,0,0,0,0,0,0,0,0,0,0,0
164658,Séamus,Conneely,S. Conneely,MID,888,7,46,Swindon,medium,A,90,0,0,0,0,0,0,0,0,0,0,0,0,0,0,1,1,0,4
164866,Sven,Sprangler,S. Sprangler,MID,42,7,44,Tranmere,medium,A,58,0,0,0,0,0,1,0,0,0,0,0,0,0,0,1,0,0,2
165604,Ben,Purrington,B. Purrington,DEF,96,7,71,Exeter,easy,H,1,0,0,0,0,0,0,0,0,0,0,0,1,0,1,0,0,0,1
167447,Paul,Mullin,P. Mullin,FWD,72,7,51,Crewe,medium,H,90,1,0,0,0,0,0,0,0,0,0,0,0,0,0,0,0,2,9
167541,Jack,Payne,J. Payne,MID,99,7,74,Shrewsbury,easy,A,90,0,0,0,0,0,0,0,0,0,0,0,0,0,0,1,1,1,5
167685,Shaun,Rooney,S. Rooney,DEF,2048,7,82,Rochdale,medium,H,90,0,0,0,0,0,0,0,0,0,0,2,2,0,0,0,0,0,1
167810,Rob,Hunt,R. Hunt,DEF,99,7,74,Shrewsbury,easy,A,90,0,0,0,0,0,0,0,0,0,0,2,2,0,0,0,0,0,1
167877,Jorge,Grant,J. Grant,MID,3448,7,105,Oldham,easy,A,28,0,0,0,0,0,0,0,0,0,0,0,0,0,0,1,0,1,4
167878,Ben,Osborn,B. Osborn,MID,48,7,73,Peterborough,easy,H,83,0,0,0,0,0,0,0,0,0,0,0,0,0,0,1,4,0,6
167889,Manny,Monthé,M. Monthé,DEF,105,7,3448,Salford,hard,H,90,0,0,0,0,0,0,0,0,0,0,4,5,1,1,0,0,0,1
167894,Stuart,Moore,S. Moore,GK,112,7,108,Reading,medium,H,0,0,0,0,0,0,0,0,0,0,0,0,0,0,0,0,0,0,0
168035,Fred,Onyedinma,F. Onyedinma,FWD,112,7,108,Reading,medium,H,90,0,0,1,0,0,0,0,0,0,0,0,0,0,0,0,2,0,6
168196,Joel,Pereira,J. Pereira,GK,108,7,112,Wycombe,medium,A,90,0,0,0,0,0,0,0,3,0,0,2,0,0,0,0,0,0,3
168229,Liam,Gordon,L. Gordon,DEF,100,7,78,York,hard,A,0,0,0,0,0,0,0,0,0,0,0,0,0,0,0,0,0,0,0
168315,Patrick,Brough,P. Brough,DEF,44,7,42,Walsall,hard,H,0,0,0,0,0,0,0,0,0,0,0,0,0,0,0,0,0,0,0
168399,Will,Norris,W. Norris,GK,3448,7,105,Oldham,easy,A,90,0,0,0,0,0,0,0,2,0,0,1,0,0,0,0,0,0,2
168478,Charles,Vernam,C. Vernam,FWD,53,7,437,Newport,easy,A,73,0,0,0,0,0,0,0,0,0,0,0,0,0,0,0,0,2,4
168648,Jordan,Turnbull,J. Turnbull,DEF,44,7,42,Walsall,hard,H,0,0,0,0,0,0,0,0,0,0,0,0,0,0,0,0,0,0,0
168759,Kane,Vincent-Young,K. Vincent-Young,DEF,99,7,74,Shrewsbury,easy,A,0,0,0,0,0,0,0,0,0,0,0,0,0,0,0,0,0,0,0
169128,Tayo,Edun,T. Edun,DEF,48,7,73,Peterborough,easy,H,0,0,0,0,0,0,0,0,0,0,0,0,0,0,0,0,0,0,0
169561,Armani,Little,A. Little,MID,100,7,78,York,hard,A,0,0,0,0,0,0,0,0,0,0,0,0,0,0,0,0,0,0,0
171182,James,Ball,J. Ball,MID,46,7,888,Accrington,easy,H,71,0,0,0,0,0,0,0,0,0,0,0,0,0,0,2,1,0,6
172455,Tom,Conlon,T. Conlon,MID,44,7,42,Walsall,hard,H,89,0,0,0,0,0,0,0,0,0,0,0,0,0,0,1,2,1,6
172549,Kyle,Cameron,K. Cameron,DEF,437,7,53,Grimsby,hard,H,90,0,0,0,0,0,0,0,0,0,0,1,8,0,3,0,0,0,5
174205,Dan,Casey,D. Casey,DEF,112,7,108,Reading,medium,H,82,0,0,0,0,0,1,0,0,0,0,2,5,0,0,0,0,0,1
174308,Julio,Pleguezuelo,J. Pleguezuelo,DEF,76,7,587,Burton,hard,H,74,0,0,0,0,0,0,0,0,0,0,1,4,0,1,0,0,0,3
174685,Ed,Francis,E. Francis,MID,82,7,2048,Fleetwood,medium,A,26,0,0,0,0,0,0,0,0,0,0,0,0,0,0,1,0,0,3
174867,Conor,Hazard,C. Hazard,GK,112,7,108,Reading,medium,H,0,0,0,0,0,0,0,0,0,0,0,0,0,0,0,0,0,0,0
174872,Courtney,Baker-Richardson,C. Baker-Richardson,FWD,44,7,42,Walsall,hard,H,0,0,0,0,0,0,0,0,0,0,0,0,0,0,0,0,0,0,0
175315,Ryan,Johnson,R. Johnson,DEF,2623,7,101,Cambridge,hard,A,0,0,0,0,0,0,0,0,0,0,0,0,0,0,0,0,0,0,0
175433,Joe,Wildsmith,J. Wildsmith,GK,112,7,108,Reading,medium,H,90,0,0,0,0,0,0,0,5,0,0,2,0,0,0,0,0,0,3
175924,Daniel,Harvie,D. Harvie,DEF,112,7,108,Reading,medium,H,90,0,0,0,0,0,1,0,0,0,0,2,3,0,1,0,0,0,0
176808,Liam,Mandeville,L. Mandeville,MID,98,7,87,Cheltenham,hard,A,12,0,0,0,0,0,0,0,0,0,0,0,0,0,0,0,0,0,1
177084,Eoghan,O'Connell,E. O'Connell,DEF,48,7,73,Peterborough,easy,H,90,0,0,0,0,0,0,0,0,0,1,0,6,1,0,0,0,0,8
178023,Myles,Hippolyte,M. Hippolyte,MID,2623,7,101,Cambridge,hard,A,0,0,0,0,0,0,0,0,0,0,0,0,0,0,0,0,0,0,0
178841,Lewis,Ward,L. Ward,GK,46,7,888,Accrington,easy,H,0,0,0,0,0,0,0,0,0,0,0,0,0,0,0,0,0,0,0
180075,Will,Aimson,W. Aimson,DEF,3448,7,105,Oldham,easy,A,90,0,0,0,0,0,0,0,0,0,0,1,6,1,0,0,0,0,3
180658,Teddy,Bishop,T. Bishop,MID,99,7,74,Shrewsbury,easy,A,0,0,0,0,0,0,0,0,0,0,0,0,0,0,0,0,0,0,0
181291,Will,Boyle,W. Boyle,DEF,74,7,99,Colchester,medium,H,90,0,0,0,0,0,0,0,0,0,0,2,6,0,0,0,0,0,2
182436,Ben,Woodburn,B. Woodburn,MID,3448,7,105,Oldham,easy,A,62,0,0,0,0,0,0,0,0,0,0,0,0,0,0,0,2,1,4
182744,Ryan,Leak,R. Leak,DEF,42,7,44,Tranmere,medium,A,14,0,0,0,0,0,0,0,0,0,0,0,3,0,0,0,0,0,1
182908,Tom,James,T. James,DEF,96,7,71,Exeter,easy,H,90,0,0,0,0,0,0,0,0,0,1,0,3,1,5,0,0,0,9
183385,Nathan,Smith,N. Smith,DEF,44,7,42,Walsall,hard,H,90,0,0,0,0,0,0,0,0,0,0,1,5,0,2,0,0,0,4
183402,Jeff,King,J. King,DEF,78,7,100,Gillingham,medium,H,9,0,0,0,0,0,0,0,0,0,0,0,0,0,0,0,0,0,1
184196,Laurence,Maguire,L. Maguire,DEF,82,7,2048,Fleetwood,medium,A,0,0,0,0,0,0,0,0,0,0,0,0,0,0,0,0,0,0,0
184345,Alex,Pattison,A. Pattison,MID,42,7,44,Tranmere,medium,A,0,0,0,0,0,0,0,0,0,0,0,0,0,0,0,0,0,0,0
184515,Mitchell,Clark,M. Clark,DEF,46,7,888,Accrington,easy,H,0,0,0,0,0,0,0,0,0,0,0,0,0,0,0,0,0,0,0
184532,Jack,Fitzwater,J. Fitzwater,DEF,71,7,96,Bristol R,hard,A,90,0,0,0,0,0,0,0,0,0,0,1,14,2,3,0,0,0,7
186797,Tom,Pett,T. Pett,MID,105,7,3448,Salford,hard,H,0,0,0,0,0,0,0,0,0,0,0,0,0,0,0,0,0,0,0
191844,Ronan,Coughlan,R. Coughlan,FWD,2048,7,82,Rochdale,medium,H,20,0,0,0,0,0,0,0,0,0,0,0,0,0,0,0,2,1,3
193041,Jamie,Robson,J. Robson,DEF,105,7,3448,Salford,hard,H,90,0,0,0,0,0,0,0,0,0,0,4,3,0,1,0,0,0,0
194209,Owen,Moxon,O. Moxon,MID,101,7,2623,AFC Wim,hard,H,79,0,0,0,0,0,0,0,0,0,0,0,0,0,0,1,1,0,4
194230,Macauley,Southam-Hales,M. Southam-Hales,DEF,96,7,71,Exeter,easy,H,0,0,0,0,0,0,0,0,0,0,0,0,0,0,0,0,0,0,0
194231,David,Tutonda,D. Tutonda,DEF,888,7,46,Swindon,medium,A,90,0,0,0,0,0,0,0,0,0,0,1,2,0,5,0,0,0,4
194265,Daniel,Udoh,D. Udoh,FWD,3448,7,105,Oldham,easy,A,6,0,0,0,0,0,0,0,0,0,0,0,0,0,0,0,0,0,1
194456,Kyle,Wootton,K. Wootton,FWD,48,7,73,Peterborough,easy,H,90,1,0,0,0,0,0,0,0,0,0,0,0,0,0,0,0,2,9
194465,Alex,Bass,A. Bass,GK,73,7,48,Stockport,hard,A,90,0,0,0,0,0,0,0,4,0,0,1,0,0,0,0,0,0,4
195139,Harry,Anderson,H. Anderson,MID,99,7,74,Shrewsbury,easy,A,73,0,0,0,0,0,0,0,0,0,0,0,0,0,0,0,0,0,2
195595,Jack,Stevens,J. Stevens,GK,108,7,112,Wycombe,medium,A,0,0,0,0,0,0,0,0,0,0,0,0,0,0,0,0,0,0,0
195859,Marcus,Browne,M. Browne,MID,2623,7,101,Cambridge,hard,A,0,0,0,0,0,0,0,0,0,0,0,0,0,0,0,0,0,0,0
195860,Joe,Powell,J. Powell,MID,3448,7,105,Oldham,easy,A,90,0,0,1,0,0,0,0,0,0,0,0,0,0,0,1,2,0,8
196402,Matty,Stevens,M. Stevens,FWD,2623,7,101,Cambridge,hard,A,0,0,0,0,0,0,0,0,0,0,0,0,0,0,0,0,0,0,0
197112,Matt,Smith,M. Smith,MID,437,7,53,Grimsby,hard,H,0,0,0,0,0,0,0,0,0,0,0,0,0,0,0,0,0,0,0
197139,Liam,Coyle,L. Coyle,MID,888,7,46,Swindon,medium,A,45,0,0,0,0,0,0,0,0,0,0,0,0,0,0,0,1,0,1
198563,Kieran,Green,K. Green,MID,53,7,437,Newport,easy,A,90,0,0,0,0,0,1,0,0,0,0,0,0,0,0,0,3,0,2
198868,Will,Collar,W. Collar,MID,587,7,76,Plymouth,hard,A,90,0,0,0,0,0,0,0,0,0,0,0,0,0,0,0,0,0,2
198873,James,Tilley,J. Tilley,FWD,2623,7,101,Cambridge,hard,A,0,0,0,0,0,0,0,0,0,0,0,0,0,0,0,0,0,0,0
199593,Joe,Lewis,J. Lewis,DEF,587,7,76,Plymouth,hard,A,0,0,0,0,0,0,0,0,0,0,0,0,0,0,0,0,0,0,0
199996,Alex,Newby,A. Newby,MID,78,7,100,Gillingham,medium,H,57,0,0,0,0,0,0,0,0,0,0,0,0,0,0,0,0,0,1
200108,Jack,Thomson,J. Thomson,MID,46,7,888,Accrington,easy,H,90,0,0,0,0,0,0,0,0,0,0,0,0,0,0,3,1,0,8
200370,Matt,Butcher,M. Butcher,MID,3448,7,105,Oldham,easy,A,12,0,0,0,0,0,0,0,0,0,0,0,0,0,0,0,0,0,1
200372,Joe,Quigley,J. Quigley,FWD,96,7,71,Exeter,easy,H,11,0,0,0,0,0,0,0,0,0,0,0,0,0,0,0,0,0,1
200650,Jack,Aitchison,J. Aitchison,FWD,96,7,71,Exeter,easy,H,0,0,0,0,0,0,0,0,0,0,0,0,0,0,0,0,0,0,0
200655,Glenn,Middleton,G. Middleton,MID,82,7,2048,Fleetwood,medium,A,84,0,0,1,0,0,0,0,0,0,0,0,0,0,0,1,3,1,9
201024,Dipo,Akinyemi,D. Akinyemi,FWD,78,7,100,Gillingham,medium,H,0,0,0,0,0,0,0,0,0,0,0,0,0,0,0,0,0,0,0
201664,Paul,Glatzel,P. Glatzel,FWD,46,7,888,Accrington,easy,H,67,0,0,0,0,0,0,0,0,0,0,0,0,0,0,0,0,1,3
201667,Josh,Knight,J. Knight,DEF,108,7,112,Wycombe,medium,A,0,0,0,0,0,0,0,0,0,0,0,0,0,0,0,0,0,0,0
202721,Callum,Maycock,C. Maycock,MID,2623,7,101,Cambridge,hard,A,74,0,0,0,0,0,0,0,0,0,0,0,0,0,0,0,1,1,3
202722,Ben,Stevenson,B. Stevenson,MID,87,7,98,Chesterfield,hard,H,90,0,0,0,0,0,0,0,0,0,0,0,0,0,0,1,0,0,4
202725,Jordan,Shipley,J. Shipley,MID,87,7,98,Chesterfield,hard,H,87,0,0,0,0,0,1,0,0,0,0,0,0,0,0,1,0,0,3
203362,Mathew,Hudson,M. Hudson,GK,105,7,3448,Salford,hard,H,90,0,0,0,0,0,0,0,3,0,0,4,0,0,0,0,0,0,2
204137,Wes,Harding,W. Harding,DEF,76,7,587,Burton,hard,H,90,0,0,0,0,0,0,0,0,0,0,1,8,2,3,0,0,0,6
204143,Steve,Seddon,S. Seddon,DEF,2623,7,101,Cambridge,hard,A,90,0,0,0,0,0,1,0,0,0,0,1,4,1,1,0,0,0,2
204606,Mark,Shelton,M. Shelton,MID,53,7,437,Newport,easy,A,36,0,0,0,0,0,0,0,0,0,0,0,0,0,0,0,0,1,2
205112,Shaun,McWilliams,S. McWilliams,MID,87,7,98,Chesterfield,hard,H,0,0,0,0,0,0,0,0,0,0,0,0,0,0,0,0,0,0,0
205174,Antony,Evans,A. Evans,MID,42,7,44,Tranmere,medium,A,0,0,0,0,0,0,0,0,0,0,0,0,0,0,0,0,0,0,0
205777,Stefan,Mols,S. Mols,MID,888,7,46,Swindon,medium,A,68,0,0,1,0,0,0,0,0,0,0,0,0,0,0,1,1,0,7
208216,Tobi,Adebayo-Rowling,T. Adebayo-Rowling,DEF,82,7,2048,Fleetwood,medium,A,69,0,0,0,0,0,0,1,0,0,0,1,3,0,2,0,0,0,0
208998,Steven,Sessegnon,S. Sessegnon,DEF,2623,7,101,Cambridge,hard,A,0,0,0,0,0,0,0,0,0,0,0,0,0,0,0,0,0,0,0
209037,Zech,Medley,Z. Medley,DEF,78,7,100,Gillingham,medium,H,0,0,0,0,0,0,0,0,0,0,0,0,0,0,0,0,0,0,0
209409,Andy,Rinomhota,A. Rinomhota,MID,108,7,112,Wycombe,medium,A,0,0,0,0,0,0,0,0,0,0,0,0,0,0,0,0,0,0,0
209412,Ryan,East,R. East,MID,82,7,2048,Fleetwood,medium,A,0,0,0,0,0,0,0,0,0,0,0,0,0,0,0,0,0,0,0
210443,Shayne,Lavery,S. Lavery,FWD,101,7,2623,AFC Wim,hard,H,45,0,0,0,0,0,0,0,0,0,0,0,0,0,0,0,0,0,1
210834,Curtis,Tilt,C. Tilt,DEF,587,7,76,Plymouth,hard,A,90,0,0,0,0,0,1,0,0,0,1,0,10,3,1,0,0,0,9
213279,Josh,Dacres-Cogley,J. Dacres-Cogley,DEF,48,7,73,Peterborough,easy,H,8,0,0,0,0,0,0,0,0,0,0,0,0,0,1,0,0,0,1
213280,Jake,Eastwood,J. Eastwood,GK,101,7,2623,AFC Wim,hard,H,90,0,0,0,0,0,0,0,2,0,0,1,0,0,0,0,0,0,2
213412,Robbie,Cundy,R. Cundy,DEF,87,7,98,Chesterfield,hard,H,90,0,0,0,0,0,0,0,0,0,0,1,9,3,3,0,0,0,6
214392,James,Brophy,J. Brophy,MID,100,7,78,York,hard,A,90,0,0,0,0,0,0,0,0,0,0,0,0,0,0,2,1,0,6
214469,Joe,Tomlinson,J. Tomlinson,DEF,87,7,98,Chesterfield,hard,H,90,0,0,0,0,0,0,0,0,0,0,1,3,0,2,0,0,0,3
214475,Thomas,O'Connor,T. O'Connor,MID,73,7,48,Stockport,hard,A,0,0,0,0,0,0,0,0,0,0,0,0,0,0,0,0,0,0,0
214645,Joe,Felix,J. Felix,DEF,78,7,100,Gillingham,medium,H,81,0,0,0,0,0,0,0,0,0,1,0,0,0,2,0,0,0,8
214830,Ryan,Broom,R. Broom,MID,87,7,98,Chesterfield,hard,H,87,0,0,1,0,0,0,0,0,0,0,0,0,0,0,1,1,0,7
214988,Ellis,Iandolo,E. Iandolo,DEF,99,7,74,Shrewsbury,easy,A,90,0,0,0,0,0,0,0,0,0,0,2,4,0,2,0,0,0,3
215068,Kelsey,Mooney,K. Mooney,FWD,888,7,46,Swindon,medium,A,0,0,0,0,0,0,0,0,0,0,0,0,0,0,0,0,0,0,0
215456,Harrison,Male,H. Male,GK,44,7,42,Walsall,hard,H,90,0,0,0,0,0,0,0,1,0,0,1,0,0,0,0,0,0,2
215459,George,McEachran,G. McEachran,MID,98,7,87,Cheltenham,hard,A,78,0,0,0,0,0,0,0,0,0,0,0,0,0,0,0,1,1,3
215828,Aaron,Lewis,A. Lewis,DEF,437,7,53,Grimsby,hard,H,9,0,0,0,0,0,0,0,0,0,0,1,1,0,0,0,0,0,1
216554,Sam,Hughes,S. Hughes,DEF,73,7,48,Stockport,hard,A,0,0,0,0,0,0,0,0,0,0,0,0,0,0,0,0,0,0,0
216555,Alfie,Kilgour,A. Kilgour,DEF,96,7,71,Exeter,easy,H,90,0,0,0,0,0,0,0,0,0,1,0,8,1,2,0,0,0,10
216558,Shaun,MacDonald,S. MacDonald,GK,437,7,53,Grimsby,hard,H,0,0,0,0,0,0,0,0,0,0,0,0,0,0,0,0,0,0,0
217974,Jake,Doyle-Hayes,J. Doyle-Hayes,MID,71,7,96,Bristol R,hard,A,85,0,0,0,0,0,0,0,0,0,0,0,0,0,0,2,0,0,6
218675,Brandon,Cooper,B. Cooper,DEF,3448,7,105,Oldham,easy,A,0,0,0,0,0,0,0,0,0,0,0,0,0,0,0,0,0,0,0
219163,Ronan,Curtis,R. Curtis,MID,76,7,587,Burton,hard,H,70,0,0,0,0,0,1,0,0,0,0,0,0,0,0,0,2,1,3
219333,Dan,Scarr,D. Scarr,DEF,3448,7,105,Oldham,easy,A,90,0,0,0,0,0,0,0,0,0,0,1,10,3,0,0,0,0,5
220330,Beryly,Lubala,B. Lubala,FWD,99,7,74,Shrewsbury,easy,A,17,0,0,0,0,0,0,0,0,0,0,0,0,0,0,0,0,0,1
220334,Ronan,Hale,R. Hale,FWD,100,7,78,York,hard,A,65,0,0,0,0,0,0,0,0,0,0,0,0,0,0,0,0,0,2
220355,Jordan,Gibson,J. Gibson,MID,51,7,72,Rotherham,medium,A,67,0,0,0,0,0,0,0,0,0,0,0,0,0,0,0,1,0,2
220483,George,Miller,G. Miller,FWD,87,7,98,Chesterfield,hard,H,12,0,0,0,0,0,0,0,0,0,0,0,0,0,0,0,0,0,1
220594,Charlie,Brown,C. Brown,FWD,888,7,46,Swindon,medium,A,0,0,0,0,0,0,0,0,0,0,0,0,0,0,0,0,0,0,0
220625,Dan,Sweeney,D. Sweeney,DEF,2623,7,101,Cambridge,hard,A,90,0,0,0,0,0,0,0,0,0,0,1,14,1,1,0,0,0,5
220705,Luca,Ashby-Hammond,L. Ashby-Hammond,GK,48,7,73,Peterborough,easy,H,90,0,0,0,0,0,0,0,4,0,1,0,0,0,0,0,0,0,9
221224,Randell,Williams,R. Williams,MID,108,7,112,Wycombe,medium,A,16,0,0,0,0,0,0,0,0,0,0,0,0,0,0,0,0,0,1
221265,Harvey,Rodgers,H. Rodgers,DEF,53,7,437,Newport,easy,A,90,0,0,0,0,0,0,0,0,0,0,2,1,0,0,0,0,0,1
221266,Robbie,McKenzie,R. McKenzie,DEF,100,7,78,York,hard,A,90,0,0,0,0,0,1,0,0,0,0,3,2,0,1,0,0,0,0
221359,Corey,Addai,C. Addai,GK,587,7,76,Plymouth,hard,A,90,0,0,0,0,0,0,0,3,0,1,0,0,0,0,0,0,0,9
221363,Reece,Cole,R. Cole,MID,71,7,96,Bristol R,hard,A,90,0,0,0,0,0,0,0,0,0,0,0,0,0,0,0,1,0,2
221431,Tom,Sang,T. Sang,DEF,74,7,99,Colchester,medium,H,90,0,0,1,0,0,0,0,0,0,0,2,0,0,1,0,0,0,4
221609,Tom,Pearce,T. Pearce,DEF,98,7,87,Cheltenham,hard,A,12,0,0,0,0,0,0,0,0,0,0,0,0,0,0,0,0,0,1
221700,Ethan,Coleman,E. Coleman,MID,100,7,78,York,hard,A,0,0,0,0,0,0,0,0,0,0,0,0,0,0,0,0,0,0,0
221751,Shane,McLoughlin,S. McLoughlin,MID,101,7,2623,AFC Wim,hard,H,0,0,0,0,0,0,0,0,0,0,0,0,0,0,0,0,0,0,0
222015,Jack,Diamond,J. Diamond,FWD,48,7,73,Peterborough,easy,H,66,0,0,0,0,0,0,0,0,0,0,0,0,0,0,0,0,1,3
222434,Jack,Simpson,J. Simpson,DEF,98,7,87,Cheltenham,hard,A,90,0,0,0,0,0,0,0,0,0,0,2,2,0,0,0,0,0,1
222658,Sam,Stubbs,S. Stubbs,DEF,74,7,99,Colchester,medium,H,90,0,0,0,0,0,0,0,0,0,0,2,2,0,1,0,0,0,1
222775,Jordan,Wright,J. Wright,GK,437,7,53,Grimsby,hard,H,90,0,0,0,0,1,0,0,3,0,0,1,0,0,0,0,0,0,1
223339,Xavier,Amaechi,X. Amaechi,FWD,76,7,587,Burton,hard,H,20,0,0,0,0,0,0,0,0,0,0,0,0,0,0,0,0,0,1
223810,Jonny,Smith,J. Smith,MID,82,7,2048,Fleetwood,medium,A,64,0,0,0,0,0,0,0,0,0,0,0,0,0,0,0,1,2,4
225061,Liam,Fraser,L. Fraser,MID,108,7,112,Wycombe,medium,A,90,0,0,0,0,0,0,0,0,0,0,0,0,0,0,0,2,0,3
225257,Josh,Koroma,J. Koroma,FWD,98,7,87,Cheltenham,hard,A,0,0,0,0,0,0,0,0,0,0,0,0,0,0,0,0,0,0,0
225277,Caolan,Boyd-Munce,C. Boyd-Munce,MID,112,7,108,Reading,medium,H,82,0,0,0,0,0,0,0,0,0,0,0,0,0,0,0,1,0,2
225987,Harvey,Gilmour,H. Gilmour,MID,82,7,2048,Fleetwood,medium,A,88,0,0,0,0,0,0,0,0,0,0,0,0,0,0,0,0,0,2
226495,Daniel,Butterworth,D. Butterworth,MID,46,7,888,Accrington,easy,H,22,0,0,0,0,0,0,0,0,0,0,0,0,0,0,0,1,0,1
226847,Tyreeq,Bakinson,T. Bakinson,MID,76,7,587,Burton,hard,H,70,0,0,0,0,0,0,0,0,0,0,0,0,0,0,1,1,0,4
227035,Ryan,Delaney,R. Delaney,DEF,105,7,3448,Salford,hard,H,75,0,0,0,0,0,0,0,0,0,0,3,8,0,0,0,0,0,3
227057,Mike,Fondop,M. Fondop,FWD,105,7,3448,Salford,hard,H,81,0,0,0,0,0,0,0,0,0,0,0,0,0,0,0,2,1,4
227255,Ryan,Stirk,R. Stirk,MID,98,7,87,Cheltenham,hard,A,90,0,0,0,0,0,0,0,0,0,0,0,0,0,0,0,4,0,4
228956,Anders,Hagelskjær,A. Hagelskjær,DEF,112,7,108,Reading,medium,H,0,0,0,0,0,0,0,0,0,0,0,0,0,0,0,0,0,0,0
229004,Ciarán,Kelly,C. Kelly,DEF,96,7,71,Exeter,easy,H,90,0,0,0,0,0,0,0,0,0,1,0,7,0,1,0,0,0,8
230068,Andy,Dallas,A. Dallas,FWD,42,7,44,Tranmere,medium,A,77,0,0,0,0,0,0,0,0,0,0,0,0,0,0,0,1,1,3
231646,Tyler,Walton,T. Walton,MID,888,7,46,Swindon,medium,A,68,0,0,0,0,0,0,0,0,0,0,0,0,0,0,0,1,0,2
231821,Jordan,Davies,J. Davies,MID,44,7,42,Walsall,hard,H,19,0,0,0,0,0,0,0,0,0,0,0,0,0,0,0,0,0,1
231826,Luke,Hannant,L. Hannant,MID,82,7,2048,Fleetwood,medium,A,0,0,0,0,0,0,0,0,0,0,0,0,0,0,0,0,0,0,0
231848,Ryan,Glover,R. Glover,MID,48,7,73,Peterborough,easy,H,82,0,0,0,0,0,0,0,0,0,0,0,0,0,0,1,1,0,4
231854,Sam,Sherring,S. Sherring,DEF,82,7,2048,Fleetwood,medium,A,2,0,0,0,0,0,0,0,0,0,0,0,0,0,0,0,0,0,1
231900,Justin,Amaluzor,J. Amaluzor,FWD,53,7,437,Newport,easy,A,17,0,0,1,0,0,0,0,0,0,0,0,0,0,0,0,0,0,4
231908,Aaron,Morley,A. Morley,MID,112,7,108,Reading,medium,H,8,0,0,0,0,0,0,0,0,0,0,0,0,0,0,0,1,0,1
232295,Harry,Smith,H. Smith,FWD,46,7,888,Accrington,easy,H,0,0,0,0,0,0,0,0,0,0,0,0,0,0,0,0,0,0,0
232361,Taylor,Perry,T. Perry,MID,71,7,96,Bristol R,hard,A,0,0,0,0,0,0,0,0,0,0,0,0,0,0,0,0,0,0,0
232389,Jay,Mingi,J. Mingi,MID,48,7,73,Peterborough,easy,H,0,0,0,0,0,0,0,0,0,0,0,0,0,0,0,0,0,0,0
232456,Dilan,Markanday,D. Markanday,FWD,98,7,87,Cheltenham,hard,A,90,0,0,0,0,0,0,0,0,0,0,0,0,0,0,0,3,1,4
232474,Kane,Thompson-Sommers,K. Thompson-Sommers,MID,2048,7,82,Rochdale,medium,H,0,0,0,0,0,0,0,0,0,0,0,0,0,0,0,0,0,0,0
232505,Cameron,Evans,C. Evans,DEF,437,7,53,Grimsby,hard,H,0,0,0,0,0,0,0,0,0,0,0,0,0,0,0,0,0,0,0
232573,Oliver,Scott,O. Scott,DEF,44,7,42,Walsall,hard,H,0,0,0,0,0,0,0,0,0,0,0,0,0,0,0,0,0,0,0
232780,Kevin,Berkoe,K. Berkoe,DEF,74,7,99,Colchester,medium,H,90,0,0,0,0,0,0,0,0,0,0,2,0,0,0,0,0,0,1
232794,Clinton,Mola,C. Mola,DEF,96,7,71,Exeter,easy,H,90,0,0,0,0,0,0,0,0,0,1,0,0,0,4,0,0,0,9
232820,Joe,Anderson,J. Anderson,DEF,888,7,46,Swindon,medium,A,90,0,0,0,0,0,0,0,0,0,0,1,6,1,1,0,0,0,3
232842,Ryan,De Havilland,R. De Havilland,MID,96,7,71,Exeter,easy,H,0,0,0,0,0,0,0,0,0,0,0,0,0,0,0,0,0,0,0
232858,Matthew,Sorinola,M. Sorinola,DEF,76,7,587,Burton,hard,H,59,0,0,0,0,0,0,0,0,0,0,0,4,1,0,0,0,0,2
232901,Ted,Cann,T. Cann,GK,72,7,51,Crewe,medium,H,0,0,0,0,0,0,0,0,0,0,0,0,0,0,0,0,0,0,0
232903,Kane,Drummond,K. Drummond,FWD,105,7,3448,Salford,hard,H,45,0,0,0,0,0,0,0,0,0,0,0,0,0,0,0,1,0,1
232946,Zach,Hemming,Z. Hemming,GK,98,7,87,Cheltenham,hard,A,0,0,0,0,0,0,0,0,0,0,0,0,0,0,0,0,0,0,0
232951,Kian,Spence,K. Spence,MID,72,7,51,Crewe,medium,H,58,0,0,1,0,0,0,0,0,0,0,0,0,0,0,1,2,0,7
232977,Kelland,Watts,K. Watts,DEF,101,7,2623,AFC Wim,hard,H,90,0,0,0,0,0,1,0,0,0,0,1,3,1,2,0,0,0,2
233312,Louis,Appéré,L. Appéré,FWD,101,7,2623,AFC Wim,hard,H,11,0,0,0,0,0,0,0,0,0,0,0,0,0,0,0,0,0,1
233462,Jack,Bycroft,J. Bycroft,GK,71,7,96,Bristol R,hard,A,90,0,0,0,0,0,0,0,4,0,0,1,0,0,0,0,0,0,4
235182,Lee,O'Connor,L. O'Connor,DEF,44,7,42,Walsall,hard,H,1,0,0,0,0,0,0,0,0,0,0,1,0,0,0,0,0,0,1
235192,Jake,Turner,J. Turner,GK,437,7,53,Grimsby,hard,H,0,0,0,0,0,0,0,0,0,0,0,0,0,0,0,0,0,0,0
235371,Arthur,Read,A. Read,MID,78,7,100,Gillingham,medium,H,9,0,0,0,0,0,0,0,0,0,0,0,0,0,0,0,0,0,1
235517,Cameron,McJannet,C. McJannet,DEF,53,7,437,Newport,easy,A,90,0,0,0,0,0,0,0,0,0,0,2,9,0,2,0,0,0,4
235640,Harry,Boyes,H. Boyes,DEF,78,7,100,Gillingham,medium,H,90,0,0,2,0,0,0,0,0,0,1,0,2,0,2,0,0,0,14
235649,Will,Evans,W. Evans,FWD,76,7,587,Burton,hard,H,59,0,0,0,0,0,1,0,0,0,0,0,0,0,0,0,0,0,0
235935,Devante,Rodney,D. Rodney,FWD,82,7,2048,Fleetwood,medium,A,6,0,0,0,0,0,0,0,0,0,0,0,0,0,0,0,0,0,1
241132,George,Nurse,G. Nurse,DEF,87,7,98,Chesterfield,hard,H,0,0,0,0,0,0,0,0,0,0,0,0,0,0,0,0,0,0,0
242453,Jacob,Brown,J. Brown,FWD,108,7,112,Wycombe,medium,A,15,1,0,0,0,0,0,0,0,0,0,0,0,0,0,0,0,1,7
242510,Louie,Moulden,L. Moulden,GK,888,7,46,Swindon,medium,A,90,0,0,0,0,0,0,0,3,0,0,1,0,0,0,0,0,0,4
242512,Lewis,Fiorini,L. Fiorini,MID,48,7,73,Peterborough,easy,H,24,0,0,0,0,0,0,0,0,0,0,0,0,0,0,1,0,0,3
244531,Ewan,Henderson,E. Henderson,MID,112,7,108,Reading,medium,H,72,0,0,1,0,0,0,0,0,0,0,0,0,0,0,0,4,0,7
244807,Alistair,Smith,A. Smith,MID,2623,7,101,Cambridge,hard,A,90,0,0,0,0,0,0,0,0,0,0,0,0,0,0,2,2,0,7
244890,Joseph,Hungbo,J. Hungbo,FWD,46,7,888,Accrington,easy,H,68,1,0,0,0,0,0,0,0,0,0,0,0,0,0,0,0,1,8
244932,Ben,Knight,B. Knight,MID,101,7,2623,AFC Wim,hard,H,90,0,0,0,0,0,0,0,0,0,0,0,0,0,0,0,4,0,4
246148,Toby,Sibbick,T. Sibbick,DEF,587,7,76,Plymouth,hard,A,0,0,0,0,0,0,0,0,0,0,0,0,0,0,0,0,0,0,0
247792,Josef,Bursik,J. Bursik,GK,2623,7,101,Cambridge,hard,A,90,0,0,0,0,0,0,0,4,0,0,1,0,0,0,0,0,0,4
247942,Josh,Hawkes,J. Hawkes,MID,105,7,3448,Salford,hard,H,0,0,0,0,0,0,0,0,0,0,0,0,0,0,0,0,0,0,0
248520,Aaron,Pressley,A. Pressley,FWD,42,7,44,Tranmere,medium,A,90,0,0,0,0,0,0,0,0,0,0,0,0,0,0,0,1,0,2
248677,Remeao,Hutton,R. Hutton,DEF,98,7,87,Cheltenham,hard,A,90,0,0,0,0,0,0,0,0,0,0,2,1,0,2,0,0,0,2
248852,Tom,Smith,T. Smith,GK,99,7,74,Shrewsbury,easy,A,0,0,0,0,0,0,0,0,0,0,0,0,0,0,0,0,0,0,0
248858,Matthew,Dennis,M. Dennis,FWD,587,7,76,Plymouth,hard,A,45,0,0,0,0,0,1,0,0,0,0,0,0,0,0,0,0,0,0
248862,Harry,Williams,H. Williams,DEF,42,7,44,Tranmere,medium,A,0,0,0,0,0,0,0,0,0,0,0,0,0,0,0,0,0,0,0
249111,Harrison,Biggins,H. Biggins,MID,437,7,53,Grimsby,hard,H,90,0,0,0,0,0,0,0,0,0,0,0,0,0,0,1,0,2,6
249931,Josh,Gordon,J. Gordon,FWD,71,7,96,Bristol R,hard,A,5,0,0,0,0,0,0,0,0,0,0,0,0,0,0,0,0,0,1
250370,Nathan,Bishop,N. Bishop,GK,2623,7,101,Cambridge,hard,A,0,0,0,0,0,0,0,0,0,0,0,0,0,0,0,0,0,0,0
250380,Alex,Hartridge,A. Hartridge,DEF,76,7,587,Burton,hard,H,0,0,0,0,0,0,0,0,0,0,0,0,0,0,0,0,0,0,0
250429,Paudie,O'Connor,P. O'Connor,DEF,108,7,112,Wycombe,medium,A,90,1,0,0,0,0,0,0,0,0,0,2,9,0,0,0,0,0,10
420897,Jeriel,Dorsett,J. Dorsett,DEF,108,7,112,Wycombe,medium,A,0,0,0,0,0,0,0,0,0,0,0,0,0,0,0,0,0,0,0
422287,Kofi,Balmer,K. Balmer,DEF,96,7,71,Exeter,easy,H,90,0,0,0,0,0,0,0,0,0,1,0,4,0,0,0,0,0,8
428578,Michael,Baidoo,M. Baidoo,MID,76,7,587,Burton,hard,H,0,0,0,0,0,0,0,0,0,0,0,0,0,0,0,0,0,0,0
428683,Aaron,Drinan,A. Drinan,FWD,46,7,888,Accrington,easy,H,90,0,0,0,0,0,0,0,0,0,0,0,0,0,0,0,0,1,3
429241,Jack,Sparkes,J. Sparkes,DEF,96,7,71,Exeter,easy,H,89,0,0,0,0,0,0,0,0,0,1,0,4,0,2,0,0,0,9
430270,Ollie,Wright,O. Wright,GK,100,7,78,York,hard,A,90,0,0,0,0,0,0,0,3,0,0,3,0,0,0,0,0,0,3
431956,Macaulay,Langstaff,M. Langstaff,FWD,3448,7,105,Oldham,easy,A,84,0,0,0,0,0,1,0,0,0,0,0,0,0,0,0,0,0,1
432418,Ollie,Pearce,O. Pearce,FWD,78,7,100,Gillingham,medium,H,90,1,0,1,0,0,0,0,0,0,0,0,0,0,0,0,1,2,12
432585,Gerard,Garner,G. Garner,FWD,437,7,53,Grimsby,hard,H,9,0,0,0,0,0,0,0,0,0,0,0,0,0,0,0,0,0,1
432647,Lewis,Wing,L. Wing,MID,108,7,112,Wycombe,medium,A,90,0,0,1,0,0,0,0,0,0,0,0,0,0,0,0,2,1,7
432734,Joel,Senior,J. Senior,DEF,44,7,42,Walsall,hard,H,90,0,0,0,0,0,0,0,0,0,0,1,2,0,2,0,0,0,3
432781,Isaac,Fletcher,I. Fletcher,MID,74,7,99,Colchester,medium,H,90,1,0,0,0,0,0,0,0,0,0,0,0,0,0,0,2,2,11
433172,George,Lloyd,G. Lloyd,FWD,74,7,99,Colchester,medium,H,90,0,0,1,0,0,1,0,0,0,0,0,0,0,0,0,0,0,4
433191,Jack,MacKenzie,J. MacKenzie,DEF,76,7,587,Burton,hard,H,0,0,0,0,0,0,0,0,0,0,0,0,0,0,0,0,0,0,0
433589,Haydon,Roberts,H. Roberts,DEF,108,7,112,Wycombe,medium,A,90,0,0,0,0,0,1,0,0,0,0,2,4,0,2,0,0,0,2
434129,Harry,Kite,H. Kite,MID,71,7,96,Bristol R,hard,A,0,0,0,0,0,0,0,0,0,0,0,0,0,0,0,0,0,0,0
434135,Cameron,Gregory,C. Gregory,GK,74,7,99,Colchester,medium,H,0,0,0,0,0,0,0,0,0,0,0,0,0,0,0,0,0,0,0
434158,Riley,Harbottle,R. Harbottle,DEF,96,7,71,Exeter,easy,H,0,0,0,0,0,0,0,0,0,0,0,0,0,0,0,0,0,0,0
435998,Doug,Tharme,D. Tharme,DEF,53,7,437,Newport,easy,A,0,0,0,0,0,0,0,0,0,0,0,0,0,0,0,0,0,0,0
438432,Lee,Jenkins,L. Jenkins,DEF,437,7,53,Grimsby,hard,H,90,0,0,0,0,0,0,0,0,0,0,1,3,0,0,0,0,0,2
438654,Brendan,Wiredu,B. Wiredu,MID,3448,7,105,Oldham,easy,A,90,1,0,0,0,0,0,0,0,0,0,0,0,0,0,1,2,1,12
438820,Jack,Tucker,J. Tucker,DEF,99,7,74,Shrewsbury,easy,A,90,0,0,0,0,0,0,0,0,0,0,2,13,0,0,0,0,0,4
439493,Ruel,Sotiriou,R. Sotiriou,FWD,98,7,87,Cheltenham,hard,A,0,0,0,0,0,0,0,0,0,0,0,0,0,0,0,0,0,0,0
440123,James,Furlong,J. Furlong,DEF,42,7,44,Tranmere,medium,A,0,0,0,0,0,0,0,0,0,0,0,0,0,0,0,0,0,0,0
440229,Reece,Staunton,R. Staunton,DEF,53,7,437,Newport,easy,A,17,0,0,0,0,0,0,0,0,0,0,0,1,0,1,0,0,0,1
440240,Owen,Taylor,O. Taylor,MID,51,7,72,Rotherham,medium,A,0,0,0,0,0,0,0,0,0,0,0,0,0,0,0,0,0,0,0
441041,Luke,Offord,L. Offord,DEF,51,7,72,Rotherham,medium,A,90,0,0,0,0,0,0,0,0,0,0,1,6,0,0,0,0,0,3
441199,Joel,Randall,J. Randall,MID,98,7,87,Cheltenham,hard,A,78,0,0,1,0,0,0,0,0,0,0,0,0,0,0,0,1,1,6
441533,Ossama,Ashley,O. Ashley,MID,72,7,51,Crewe,medium,H,89,0,0,0,0,0,0,0,0,0,0,0,0,0,0,2,1,1,7
441536,Udoka,Godwin-Malife,U. Godwin-Malife,DEF,108,7,112,Wycombe,medium,A,90,0,0,0,0,0,0,0,0,0,0,2,4,1,1,0,0,0,2
441590,Jack,Lankester,J. Lankester,MID,51,7,72,Rotherham,medium,A,23,0,0,0,0,0,0,0,0,0,0,0,0,0,0,0,0,0,1
442179,Jack,Armer,J. Armer,DEF,587,7,76,Plymouth,hard,A,90,1,0,0,0,0,0,0,0,0,1,0,4,0,1,0,0,0,15
442245,Klaidi,Lolos,K. Lolos,MID,72,7,51,Crewe,medium,H,0,0,0,0,0,0,0,0,0,0,0,0,0,0,0,0,0,0,0
443174,James,Connolly,J. Connolly,DEF,42,7,44,Tranmere,medium,A,90,0,0,0,0,0,1,0,0,0,0,1,5,3,0,0,0,0,3
443210,George,Sykes-Kenworthy,G. Sykes-Kenworthy,GK,78,7,100,Gillingham,medium,H,0,0,0,0,0,0,0,0,0,0,0,0,0,0,0,0,0,0,0
444183,Gavin,Kilkenny,G. Kilkenny,MID,46,7,888,Accrington,easy,H,0,0,0,0,0,0,0,0,0,0,0,0,0,0,0,0,0,0,0
444250,Coniah,Boyce-Clarke,C. Boyce-Clarke,GK,44,7,42,Walsall,hard,H,0,0,0,0,0,0,0,0,0,0,0,0,0,0,0,0,0,0,0
444307,Thimothée,Lo-Tutala,T. Lo-Tutala,GK,99,7,74,Shrewsbury,easy,A,90,0,0,0,0,0,0,0,3,0,0,2,0,0,0,0,0,0,3
444879,Cameron,Antwi,C. Antwi,MID,100,7,78,York,hard,A,0,0,0,0,0,0,0,0,0,0,0,0,0,0,0,0,0,0,0
445774,Noah,Chilvers,N. Chilvers,MID,105,7,3448,Salford,hard,H,45,0,0,0,0,0,0,0,0,0,0,0,0,0,0,0,0,1,2
445896,Kgaogelo,Chauke,K. Chauke,MID,587,7,76,Plymouth,hard,A,87,0,0,0,0,0,0,0,0,0,0,0,0,0,0,0,0,0,2
445988,Elliott,Bonds,E. Bonds,MID,3448,7,105,Oldham,easy,A,0,0,0,0,0,0,0,0,0,0,0,0,0,0,0,0,0,0,0
447120,Charlie,McCann,C. McCann,MID,87,7,98,Chesterfield,hard,H,90,1,0,0,0,0,0,0,0,0,0,0,0,0,0,0,1,1,9
448360,Josh,Andrews,J. Andrews,FWD,53,7,437,Newport,easy,A,0,0,0,0,0,0,0,0,0,0,0,0,0,0,0,0,0,0,0
448496,Ed,Turns,E. Turns,DEF,71,7,96,Bristol R,hard,A,0,0,0,0,0,0,0,0,0,0,0,0,0,0,0,0,0,0,0
448791,Harvey,White,H. White,MID,76,7,587,Burton,hard,H,90,0,0,0,0,0,0,0,0,0,0,0,0,0,0,0,2,0,3
449082,Reece,Hutchinson,R. Hutchinson,DEF,51,7,72,Rotherham,medium,A,0,0,0,0,0,0,0,0,0,0,0,0,0,0,0,0,0,0,0
449290,Rio,Adebisi,R. Adebisi,DEF,73,7,48,Stockport,hard,A,0,0,0,0,0,0,0,0,0,0,0,0,0,0,0,0,0,0,0
449428,Matty,Jacob,M. Jacob,DEF,437,7,53,Grimsby,hard,H,90,0,0,0,0,0,1,0,0,0,0,1,6,1,4,0,0,0,4
449693,Josh,Thomas,J. Thomas,FWD,2048,7,82,Rochdale,medium,H,0,0,0,0,0,0,0,0,0,0,0,0,0,0,0,0,0,0,0
450331,Mathias,Ross,M. Ross,DEF,76,7,587,Burton,hard,H,16,0,0,0,0,0,1,0,0,0,0,0,1,0,0,0,0,0,0
450529,Lewis,Bate,L. Bate,MID,48,7,73,Peterborough,easy,H,66,0,0,0,0,0,0,0,0,0,0,0,0,0,0,1,0,0,4
451310,Jonathan,Tomkinson,J. Tomkinson,DEF,87,7,98,Chesterfield,hard,H,90,0,0,1,0,0,0,0,0,0,0,1,8,1,2,0,0,0,8
456966,Caleb,Watts,C. Watts,MID,76,7,587,Burton,hard,H,31,0,0,0,0,0,0,0,0,0,0,0,0,0,0,0,0,1,2
457327,Lewis,McCann,L. McCann,FWD,2048,7,82,Rochdale,medium,H,90,0,0,0,0,0,0,0,0,0,0,0,0,0,0,0,4,1,5
459685,Alex,Hunt,A. Hunt,MID,78,7,100,Gillingham,medium,H,90,0,0,0,0,0,0,0,0,0,0,0,0,0,0,1,4,0,6
460579,Morgan,Williams,M. Williams,DEF,78,7,100,Gillingham,medium,H,0,0,0,0,0,0,0,0,0,0,0,0,0,0,0,0,0,0,0
461079,Keenan,Appiah-Forson,K. Appiah-Forson,MID,105,7,3448,Salford,hard,H,90,0,0,1,0,0,0,0,0,0,0,0,0,0,0,0,1,0,5
461082,Daniel,Moss,D. Moss,DEF,82,7,2048,Fleetwood,medium,A,0,0,0,0,0,0,0,0,0,0,0,0,0,0,0,0,0,0,0
461093,Edon,Pruti,E. Pruti,DEF,53,7,437,Newport,easy,A,0,0,0,0,0,0,0,0,0,0,0,0,0,0,0,0,0,0,0
461137,Kieron,Evans,K. Evans,MID,437,7,53,Grimsby,hard,H,0,0,0,0,0,0,0,0,0,0,0,0,0,0,0,0,0,0,0
461149,Eli,King,E. King,MID,100,7,78,York,hard,A,31,0,0,0,0,0,0,0,0,0,0,0,0,0,0,2,0,0,5
461159,Keenan,Patten,K. Patten,MID,437,7,53,Grimsby,hard,H,0,0,0,0,0,0,0,0,0,0,0,0,0,0,0,0,0,0,0
461173,Lewis,Gordon,L. Gordon,DEF,98,7,87,Cheltenham,hard,A,78,0,0,0,0,0,0,0,0,0,0,2,1,0,0,0,0,0,1
461192,Kallum,Cesay,K. Cesay,DEF,3448,7,105,Oldham,easy,A,0,0,0,0,0,0,0,0,0,0,0,0,0,0,0,0,0,0,0
461198,Jason,Sraha,J. Sraha,DEF,587,7,76,Plymouth,hard,A,0,0,0,0,0,0,0,0,0,0,0,0,0,0,0,0,0,0,0
461377,Malachi,Boateng,M. Boateng,MID,76,7,587,Burton,hard,H,0,0,0,0,0,0,0,0,0,0,0,0,0,0,0,0,0,0,0
461391,Rohan,Luthra,R. Luthra,GK,100,7,78,York,hard,A,0,0,0,0,0,0,0,0,0,0,0,0,0,0,0,0,0,0,0
461453,Lewis,Warrington,L. Warrington,MID,44,7,42,Walsall,hard,H,0,0,0,0,0,0,0,0,0,0,0,0,0,0,0,0,0,0,0
461484,Joe,White,J. White,MID,51,7,72,Rotherham,medium,A,73,0,0,1,0,0,0,0,0,0,0,0,0,0,0,2,0,0,9
461490,Josh,Austerfield,J. Austerfield,MID,72,7,51,Crewe,medium,H,90,0,0,0,0,0,0,0,0,0,0,0,0,0,0,0,2,0,3
461521,Ben,Woods,B. Woods,MID,73,7,48,Stockport,hard,A,79,0,0,0,0,0,0,0,0,0,0,0,0,0,0,1,0,0,4
461529,Charlie,Savage,C. Savage,MID,108,7,112,Wycombe,medium,A,0,0,0,0,0,0,0,0,0,0,0,0,0,0,0,0,0,0,0
461556,Mark,Helm,M. Helm,MID,2048,7,82,Rochdale,medium,H,90,1,0,0,0,0,0,0,0,0,0,0,0,0,0,0,1,1,9
461601,Tom,Hill,T. Hill,MID,105,7,3448,Salford,hard,H,0,0,0,0,0,0,0,0,0,0,0,0,0,0,0,0,0,0,0
462437,Charlie,McNeill,C. McNeill,FWD,51,7,72,Rotherham,medium,A,17,0,0,0,0,0,0,0,0,0,0,0,0,0,0,0,0,0,1
462624,Jay,Williams,J. Williams,DEF,99,7,74,Shrewsbury,easy,A,90,0,0,0,0,0,0,0,0,0,0,2,4,0,1,0,0,0,2
464627,Fábio,Tavares,F. Tavares,FWD,72,7,51,Crewe,medium,H,0,0,0,0,0,0,0,0,0,0,0,0,0,0,0,0,0,0,0
464972,Ryan,Graydon,R. Graydon,FWD,3448,7,105,Oldham,easy,A,0,0,0,0,0,0,0,0,0,0,0,0,0,0,0,0,0,0,0
465239,Ryan,Rydel,R. Rydel,DEF,48,7,73,Peterborough,easy,H,0,0,0,0,0,0,0,0,0,0,0,0,0,0,0,0,0,0,0
465313,Chris,Conn-Clarke,C. Conn-Clarke,MID,73,7,48,Stockport,hard,A,11,0,0,0,0,0,0,0,0,0,0,0,0,0,0,0,1,0,1
467291,Kion,Etete,K. Etete,FWD,437,7,53,Grimsby,hard,H,0,0,0,0,0,0,0,0,0,0,0,0,0,0,0,0,0,0,0
467778,Tai,Sodje,T. Sodje,FWD,42,7,44,Tranmere,medium,A,32,0,0,0,0,0,0,0,0,0,0,0,0,0,0,0,0,0,1
469509,Matt,Rowley,M. Rowley,MID,108,7,112,Wycombe,medium,A,0,0,0,0,0,0,0,0,0,0,0,0,0,0,0,0,0,0,0
470253,Jovan,Malcolm,J. Malcolm,FWD,78,7,100,Gillingham,medium,H,33,1,0,0,0,0,0,0,0,0,0,0,0,0,0,0,0,3,9
472838,Alex,Mitchell,A. Mitchell,DEF,76,7,587,Burton,hard,H,90,0,0,0,0,0,0,0,0,0,0,1,6,1,2,0,0,0,4
475492,Oli,Hammond,O. Hammond,MID,105,7,3448,Salford,hard,H,0,0,0,0,0,0,0,0,0,0,0,0,0,0,0,0,0,0,0
475506,Taylor,Allen,T. Allen,DEF,3448,7,105,Oldham,easy,A,90,0,0,0,0,0,0,0,0,0,0,1,7,1,3,0,0,0,4
476586,Gassan,Ahadme,G. Ahadme,FWD,101,7,2623,AFC Wim,hard,H,79,0,0,0,0,0,0,0,0,0,0,0,0,0,0,0,0,1,3
478239,Kyran,Lofthouse,K. Lofthouse,DEF,587,7,76,Plymouth,hard,A,0,0,0,0,0,0,0,0,0,0,0,0,0,0,0,0,0,0,0
478446,Harrison,Neal,H. Neal,MID,2048,7,82,Rochdale,medium,H,90,0,0,0,0,0,0,0,0,0,0,0,0,0,0,1,2,0,5
478449,Kyron,Gordon,K. Gordon,DEF,48,7,73,Peterborough,easy,H,90,0,0,0,0,0,0,0,0,0,1,0,5,0,4,0,0,0,10
479532,Ciarán,Brennan,C. Brennan,DEF,437,7,53,Grimsby,hard,H,90,0,0,1,0,0,0,0,0,0,0,1,1,1,3,0,0,0,6
482315,Adrian,Akande,A. Akande,FWD,99,7,74,Shrewsbury,easy,A,0,0,0,0,0,0,0,0,0,0,0,0,0,0,0,0,0,0,0
482536,Joe,Snowdon,J. Snowdon,MID,46,7,888,Accrington,easy,H,0,0,0,0,0,0,0,0,0,0,0,0,0,0,0,0,0,0,0
483371,Harry,Leonard,H. Leonard,FWD,73,7,48,Stockport,hard,A,90,0,0,0,0,0,0,0,0,0,0,0,0,0,0,0,2,1,4
486472,Denzel,Hall,D. Hall,DEF,72,7,51,Crewe,medium,H,90,0,0,0,0,0,0,0,0,0,0,1,2,0,1,0,0,0,2
487829,Silko-Amari,Thomas,S. Thomas,FWD,112,7,108,Reading,medium,H,8,0,0,0,0,0,0,0,0,0,0,0,0,0,0,0,0,0,1
487836,Antwoine,Hackford,A. Hackford,FWD,46,7,888,Accrington,easy,H,23,0,0,0,0,0,0,0,0,0,0,0,0,0,0,0,0,0,1
488160,Charlie,Webster,C. Webster,MID,587,7,76,Plymouth,hard,A,90,0,0,0,0,0,0,0,0,0,0,0,0,0,0,0,0,0,2
488727,Jayden,Sweeney,J. Sweeney,DEF,53,7,437,Newport,easy,A,73,0,0,0,0,0,0,0,0,0,0,2,1,0,0,0,0,0,1
489034,Brad,Young,B. Young,GK,96,7,71,Exeter,easy,H,90,0,0,0,0,0,0,0,5,0,1,0,0,0,0,0,0,0,9
489192,Josh,March,J. March,FWD,51,7,72,Rotherham,medium,A,90,0,0,0,0,0,0,0,0,0,0,0,0,0,0,0,1,0,2
489193,Isaac,Sinclair,I. Sinclair,MID,888,7,46,Swindon,medium,A,0,0,0,0,0,0,0,0,0,0,0,0,0,0,0,0,0,0,0
489255,Vincent,Harper,V. Harper,DEF,71,7,96,Bristol R,hard,A,0,0,0,0,0,0,0,0,0,0,0,0,0,0,0,0,0,0,0
489452,Luca,Hoole,L. Hoole,DEF,74,7,99,Colchester,medium,H,90,1,0,0,0,0,1,0,0,0,0,2,2,0,2,0,0,0,8
489738,Ewan,Otoo,E. Otoo,MID,72,7,51,Crewe,medium,H,0,0,0,0,0,0,0,0,0,0,0,0,0,0,0,0,0,0,0
490151,Calum,Kavanagh,C. Kavanagh,FWD,105,7,3448,Salford,hard,H,90,1,0,0,0,0,0,0,0,0,0,0,0,0,0,0,2,1,9
490180,Aribim,Pepple,A. Pepple,FWD,76,7,587,Burton,hard,H,90,0,0,0,0,0,0,0,0,0,0,0,0,0,0,0,0,1,3
490885,George,Earthy,G. Earthy,MID,108,7,112,Wycombe,medium,A,0,0,0,0,0,0,0,0,0,0,0,0,0,0,0,0,0,0,0
490887,Zach,Awe,Z. Awe,DEF,3448,7,105,Oldham,easy,A,0,0,0,0,0,0,0,0,0,0,0,0,0,0,0,0,0,0,0
491260,Jamie,Mullins,J. Mullins,MID,112,7,108,Reading,medium,H,0,0,0,0,0,0,0,0,0,0,0,0,0,0,0,0,0,0,0
491556,Charlie,Whitaker,C. Whitaker,MID,44,7,42,Walsall,hard,H,89,0,0,0,0,0,0,0,0,0,0,0,0,0,0,0,0,3,5
491731,Andy,Smith,A. Smith,DEF,100,7,78,York,hard,A,65,0,0,0,0,0,0,0,0,0,0,1,5,2,0,0,0,0,4
491964,Connor,Taylor,C. Taylor,DEF,112,7,108,Reading,medium,H,90,0,0,0,0,0,0,0,0,0,0,2,3,5,3,0,0,0,4
492085,Owura,Edwards,O. Edwards,MID,73,7,48,Stockport,hard,A,62,0,0,0,0,0,0,0,0,0,0,0,0,0,0,0,1,0,2
492280,Jake,Bickerstaff,J. Bickerstaff,FWD,87,7,98,Chesterfield,hard,H,4,0,0,0,0,0,0,0,0,0,0,0,0,0,0,0,0,0,1
492498,Raphael,Borges Rodrigues,R. Borges Rodrigues,FWD,587,7,76,Plymouth,hard,A,90,0,0,0,0,0,0,0,0,0,0,0,0,0,0,0,1,0,2
493727,Bastian,Smith,B. Smith,GK,73,7,48,Stockport,hard,A,0,0,0,0,0,0,0,0,0,0,0,0,0,0,0,0,0,0,0
493838,Carl,Johnston,C. Johnston,DEF,73,7,48,Stockport,hard,A,90,0,0,0,0,0,1,0,0,0,0,1,3,0,1,0,0,0,1
493962,Ethan,Ennis,E. Ennis,FWD,48,7,73,Peterborough,easy,H,24,0,0,0,0,0,0,0,0,0,0,0,0,0,0,0,1,0,1
494362,Kane,Taylor,K. Taylor,MID,82,7,2048,Fleetwood,medium,A,64,0,0,0,0,0,0,0,0,0,0,0,0,0,0,0,2,0,3
494426,Lewis,Simper,L. Simper,MID,42,7,44,Tranmere,medium,A,87,0,0,0,0,0,0,0,0,0,0,0,0,0,0,0,1,0,2
494950,Harvey,Cartwright,H. Cartwright,GK,53,7,437,Newport,easy,A,0,0,0,0,0,0,0,0,0,0,0,0,0,0,0,0,0,0,0
495148,Matthew,Garbett,M. Garbett,MID,73,7,48,Stockport,hard,A,0,0,0,0,0,0,0,0,0,0,0,0,0,0,0,0,0,0,0
495722,Josh,Davison,J. Davison,FWD,74,7,99,Colchester,medium,H,67,0,0,0,0,0,0,0,0,0,0,0,0,0,0,0,0,0,2
495725,Abraham,Odoh,A. Odoh,FWD,3448,7,105,Oldham,easy,A,62,0,0,0,0,0,1,0,0,0,0,0,0,0,0,0,0,0,1
496178,Roman,Dixon,R. Dixon,DEF,42,7,44,Tranmere,medium,A,0,0,0,0,0,0,0,0,0,0,0,0,0,0,0,0,0,0,0
496279,Isaac,Heath,I. Heath,FWD,101,7,2623,AFC Wim,hard,H,90,0,0,0,0,0,0,0,0,0,0,0,0,0,0,0,0,1,3
496766,Jay,Turner-Cooke,J. Turner-Cooke,MID,74,7,99,Colchester,medium,H,90,0,0,0,0,0,1,0,0,0,0,0,0,0,0,2,3,0,6
496904,Miles,Henry,M. Henry,FWD,587,7,76,Plymouth,hard,A,0,0,0,0,0,0,0,0,0,0,0,0,0,0,0,0,0,0,0
497731,Cian,Hayes,C. Hayes,MID,82,7,2048,Fleetwood,medium,A,26,0,0,0,0,0,0,0,0,0,0,0,0,0,0,0,1,0,1
499072,Joe,Grey,J. Grey,FWD,78,7,100,Gillingham,medium,H,81,1,0,0,0,0,1,0,0,0,0,0,0,0,0,0,0,1,7
499184,Charlie,Caton,C. Caton,FWD,888,7,46,Swindon,medium,A,0,0,0,0,0,0,0,0,0,0,0,0,0,0,0,0,0,0,0
499210,Jack,Stevens,J. Stevens,FWD,105,7,3448,Salford,hard,H,0,0,0,0,0,0,0,0,0,0,0,0,0,0,0,0,0,0,0
500196,Jed,Ward,J. Ward,GK,42,7,44,Tranmere,medium,A,90,0,0,0,0,0,0,0,10,1,0,1,0,0,0,0,0,0,13
501144,Jayden,Wareham,J. Wareham,FWD,112,7,108,Reading,medium,H,90,1,0,0,0,0,0,0,0,0,0,0,0,0,0,0,0,3,10
501325,Lee,Bonis,L. Bonis,FWD,98,7,87,Cheltenham,hard,A,70,0,0,0,0,0,0,0,0,0,0,0,0,0,0,0,1,3,5
501515,Joe,Foulkes,J. Foulkes,DEF,53,7,437,Newport,easy,A,0,0,0,0,0,0,0,0,0,0,0,0,0,0,0,0,0,0,0
501895,Baba,Adeeko,B. Adeeko,MID,82,7,2048,Fleetwood,medium,A,90,0,0,0,0,0,0,0,0,0,0,0,0,0,0,0,0,0,2
502263,Marvin,Kaleta,M. Kaleta,DEF,72,7,51,Crewe,medium,H,32,0,0,0,0,0,0,0,0,0,0,0,0,0,0,0,0,0,1
502958,Harvey,Araujo,H. Araujo,DEF,587,7,76,Plymouth,hard,A,0,0,0,0,0,0,0,0,0,0,0,0,0,0,0,0,0,0,0
502981,Reece,Smith,R. Smith,MID,42,7,44,Tranmere,medium,A,90,1,0,0,0,0,0,0,0,0,0,0,0,0,0,2,0,1,13
504609,Sonny,Cox,S. Cox,FWD,71,7,96,Bristol R,hard,A,0,0,0,0,0,0,0,0,0,0,0,0,0,0,0,0,0,0,0
504758,Brad,Hills,B. Hills,DEF,48,7,73,Peterborough,easy,H,0,0,0,0,0,0,0,0,0,0,0,0,0,0,0,0,0,0,0
505079,Alfie,McNally,A. McNally,GK,78,7,100,Gillingham,medium,H,90,0,0,0,0,0,0,0,0,0,1,0,0,0,0,0,0,0,7
505168,Will,Dickson,W. Dickson,FWD,98,7,87,Cheltenham,hard,A,0,0,0,0,0,0,0,0,0,0,0,0,0,0,0,0,0,0,0
507614,Géza,Turi,G. Turi,MID,53,7,437,Newport,easy,A,0,0,0,0,0,0,0,0,0,0,0,0,0,0,0,0,0,0,0
511330,Ciaran,Gilligan,C. Gilligan,MID,587,7,76,Plymouth,hard,A,0,0,0,0,0,0,0,0,0,0,0,0,0,0,0,0,0,0,0
512483,Evan,Weir,E. Weir,DEF,73,7,48,Stockport,hard,A,0,0,0,0,0,0,0,0,0,0,0,0,0,0,0,0,0,0,0
513264,David,Okagbue,D. Okagbue,DEF,73,7,48,Stockport,hard,A,0,0,0,0,0,0,0,0,0,0,0,0,0,0,0,0,0,0,0
513323,Sam,Beckwith,S. Beckwith,MID,82,7,2048,Fleetwood,medium,A,0,0,0,0,0,0,0,0,0,0,0,0,0,0,0,0,0,0,0
513379,Sam,Long,S. Long,GK,3448,7,105,Oldham,easy,A,0,0,0,0,0,0,0,0,0,0,0,0,0,0,0,0,0,0,0
513826,Harry,Wood,H. Wood,MID,48,7,73,Peterborough,easy,H,54,0,0,0,0,0,0,0,0,0,0,0,0,0,0,0,2,0,2
514229,Sam,Waller,S. Waller,GK,82,7,2048,Fleetwood,medium,A,90,0,0,0,0,0,0,0,3,0,0,1,0,0,0,0,0,0,4
514231,Dan,Sassi,D. Sassi,DEF,437,7,53,Grimsby,hard,H,0,0,0,0,0,0,0,0,0,0,0,0,0,0,0,0,0,0,0
514243,Will,Brook,W. Brook,GK,74,7,99,Colchester,medium,H,90,0,0,0,0,0,0,0,2,0,0,2,0,0,0,0,0,0,1
514281,Brandon,Cover,B. Cover,MID,72,7,51,Crewe,medium,H,0,0,0,0,0,0,0,0,0,0,0,0,0,0,0,0,0,0,0
514296,Emre,Tezgel,E. Tezgel,FWD,112,7,108,Reading,medium,H,0,0,0,0,0,0,0,0,0,0,0,0,0,0,0,0,0,0,0
514315,Lino,Sousa,L. Sousa,DEF,74,7,99,Colchester,medium,H,0,0,0,0,0,0,0,0,0,0,0,0,0,0,0,0,0,0,0
514333,Oscar,Thorn,O. Thorn,FWD,99,7,74,Shrewsbury,easy,A,17,0,0,1,0,0,0,0,0,0,0,0,0,0,0,0,3,0,5
514354,Mikki,van Sas,M. van Sas,GK,112,7,108,Reading,medium,H,0,0,0,0,0,0,0,0,0,0,0,0,0,0,0,0,0,0,0
514613,Zak,Johnson,Z. Johnson,DEF,78,7,100,Gillingham,medium,H,90,0,0,0,0,0,0,0,0,0,1,0,2,0,1,0,0,0,7
515023,Matt,Dibley-Dias,M. Dibley-Dias,MID,437,7,53,Grimsby,hard,H,81,0,0,0,0,0,1,0,0,0,0,0,0,0,0,0,0,0,1
515500,Rhys,Bennett,R. Bennett,DEF,2048,7,82,Rochdale,medium,H,0,0,0,0,0,0,0,0,0,0,0,0,0,0,0,0,0,0,0
515880,Will,Sutton,W. Sutton,DEF,105,7,3448,Salford,hard,H,0,0,0,0,0,0,0,0,0,0,0,0,0,0,0,0,0,0,0
516148,Malik,Mothersille,M. Mothersille,FWD,112,7,108,Reading,medium,H,0,0,0,0,0,0,0,0,0,0,0,0,0,0,0,0,0,0,0
516155,Courtney,Clarke,C. Clarke,MID,42,7,44,Tranmere,medium,A,0,0,0,0,0,0,0,0,0,0,0,0,0,0,0,0,0,0,0
516248,Lakyle,Samuel,L. Samuel,DEF,71,7,96,Bristol R,hard,A,90,0,0,0,0,0,0,0,0,0,0,1,2,1,0,0,0,0,2
516503,Junior,Quitirna,J. Quitirna,MID,112,7,108,Reading,medium,H,0,0,0,0,0,0,0,0,0,0,0,0,0,0,0,0,0,0,0
516991,Malik,Owolabi-Belewu,M. Owolabi-Belewu,DEF,98,7,87,Cheltenham,hard,A,0,0,0,0,0,0,0,0,0,0,0,0,0,0,0,0,0,0,0
517110,Will,Goodwin,W. Goodwin,FWD,100,7,78,York,hard,A,19,0,0,0,0,0,0,0,0,0,0,0,0,0,0,0,0,0,1
517179,Alfie,Pond,A. Pond,DEF,98,7,87,Cheltenham,hard,A,0,0,0,0,0,0,0,0,0,0,0,0,0,0,0,0,0,0,0
517217,Luca,Woodhouse,L. Woodhouse,MID,71,7,96,Bristol R,hard,A,90,0,0,0,0,0,0,0,0,0,0,0,0,0,0,0,0,0,2
517227,Adebola,Oluwo,A. Oluwo,DEF,3448,7,105,Oldham,easy,A,28,1,0,0,0,0,0,0,0,0,0,0,1,0,0,0,0,0,8
518052,Kieran,Ngwenya,K. Ngwenya,DEF,72,7,51,Crewe,medium,H,0,0,0,0,0,0,0,0,0,0,0,0,0,0,0,0,0,0,0
518504,James,Storer,J. Storer,GK,76,7,587,Burton,hard,H,0,0,0,0,0,0,0,0,0,0,0,0,0,0,0,0,0,0,0
518506,Will,Davies,W. Davies,FWD,2048,7,82,Rochdale,medium,H,0,0,0,0,0,0,0,0,0,0,0,0,0,0,0,0,0,0,0
518650,Zane,Albarus,Z. Albarus,MID,100,7,78,York,hard,A,51,0,0,0,0,0,0,1,0,0,0,0,0,0,0,0,0,0,-2
518794,Ben,Hughes,B. Hughes,GK,101,7,2623,AFC Wim,hard,H,0,0,0,0,0,0,0,0,0,0,0,0,0,0,0,0,0,0,0
518994,Will,Jenkins,W. Jenkins,MID,82,7,2048,Fleetwood,medium,A,0,0,0,0,0,0,0,0,0,0,0,0,0,0,0,0,0,0,0
519319,Tom,Wooster,T. Wooster,GK,42,7,44,Tranmere,medium,A,0,0,0,0,0,0,0,0,0,0,0,0,0,0,0,0,0,0,0
519601,Bobby,Kamwa,B. Kamwa,FWD,96,7,71,Exeter,easy,H,1,0,0,0,0,0,0,0,0,0,0,0,0,0,0,0,0,1,2
519684,Dajaune,Brown,D. Brown,FWD,82,7,2048,Fleetwood,medium,A,84,1,0,1,0,0,0,0,0,0,0,0,0,0,0,0,1,2,12
519739,Gus,Scott-Morriss,G. Scott-Morriss,DEF,105,7,3448,Salford,hard,H,90,0,0,0,0,0,0,0,0,0,0,4,1,0,1,0,0,0,0
519743,Paddy,Lane,P. Lane,FWD,108,7,112,Wycombe,medium,A,75,0,0,1,0,0,0,0,0,0,0,0,0,0,0,0,3,1,7
522244,Jake,Leake,J. Leake,DEF,99,7,74,Shrewsbury,easy,A,0,0,0,0,0,0,0,0,0,0,0,0,0,0,0,0,0,0,0
524051,Arkell,Jude-Boyd,A. Jude-Boyd,DEF,74,7,99,Colchester,medium,H,0,0,0,0,0,0,0,0,0,0,0,0,0,0,0,0,0,0,0
524196,Shaq,Forde,S. Forde,FWD,96,7,71,Exeter,easy,H,64,0,0,0,0,0,0,0,0,0,0,0,0,0,0,0,1,1,3
524200,Daniel,Watts,D. Watts,DEF,71,7,96,Bristol R,hard,A,0,0,0,0,0,0,0,0,0,0,0,0,0,0,0,0,0,0,0
524389,Gabriel,Breeze,G. Breeze,GK,101,7,2623,AFC Wim,hard,H,0,0,0,0,0,0,0,0,0,0,0,0,0,0,0,0,0,0,0
529978,Harrison,Burke,H. Burke,DEF,42,7,44,Tranmere,medium,A,0,0,0,0,0,0,0,0,0,0,0,0,0,0,0,0,0,0,0
530025,Tom,Davies,T. Davies,DEF,437,7,53,Grimsby,hard,H,0,0,0,0,0,0,0,0,0,0,0,0,0,0,0,0,0,0,0
530121,Zain,Silcott-Duberry,Z. Silcott-Duberry,MID,82,7,2048,Fleetwood,medium,A,0,0,0,0,0,0,0,0,0,0,0,0,0,0,0,0,0,0,0
530125,Benn,Ward,B. Ward,DEF,108,7,112,Wycombe,medium,A,90,0,0,0,0,0,1,0,0,0,0,2,17,1,0,0,0,0,4
531076,Frankie,Maguire,F. Maguire,MID,78,7,100,Gillingham,medium,H,9,0,0,0,0,0,0,0,0,0,0,0,0,0,0,0,0,0,1
531967,Declan,Frith,D. Frith,FWD,73,7,48,Stockport,hard,A,0,0,0,0,0,0,0,0,0,0,0,0,0,0,0,0,0,0,0
531985,Jake,Batty,J. Batty,DEF,2048,7,82,Rochdale,medium,H,26,0,0,0,0,0,0,0,0,0,0,0,0,0,1,0,0,0,1
532004,Sonny,Finch,S. Finch,FWD,53,7,437,Newport,easy,A,31,0,0,0,0,0,0,0,0,0,0,0,0,0,0,0,0,0,1
532076,James,Crole,J. Crole,FWD,437,7,53,Grimsby,hard,H,0,0,0,0,0,0,0,0,0,0,0,0,0,0,0,0,0,0,0
532377,Louie,Marsh,L. Marsh,FWD,98,7,87,Cheltenham,hard,A,87,1,0,0,0,0,0,0,0,0,0,0,0,0,0,0,3,3,11
532535,Tom,Wilson-Brown,T. Wilson-Brown,DEF,48,7,73,Peterborough,easy,H,0,0,0,0,0,0,0,0,0,0,0,0,0,0,0,0,0,0,0
533458,Tom,Moore,T. Moore,DEF,888,7,46,Swindon,medium,A,0,0,0,0,0,0,0,0,0,0,0,0,0,0,0,0,0,0,0
533710,Iwan,Morgan,I. Morgan,FWD,53,7,437,Newport,easy,A,59,0,0,0,0,0,0,0,0,0,0,0,0,0,0,0,0,0,1
534394,Nathan,Asiimwe,N. Asiimwe,DEF,3448,7,105,Oldham,easy,A,0,0,0,0,0,0,0,0,0,0,0,0,0,0,0,0,0,0,0
534706,Kylian,Kouassi,K. Kouassi,FWD,99,7,74,Shrewsbury,easy,A,89,0,0,0,0,0,0,0,0,0,0,0,0,0,0,0,2,0,3
535017,Julian,Eyestone,J. Eyestone,GK,72,7,51,Crewe,medium,H,90,0,0,0,0,0,0,0,0,0,0,1,0,0,0,0,0,0,2
535264,Bradley,Ibrahim,B. Ibrahim,MID,76,7,587,Burton,hard,H,20,0,0,0,0,0,0,0,0,0,0,0,0,0,0,0,3,0,2
535393,Jason,Adigun,J. Adigun,MID,48,7,73,Peterborough,easy,H,36,0,0,0,0,0,1,0,0,0,0,0,0,0,0,1,1,0,2
535606,Isaac,Ogundere,I. Ogundere,DEF,2623,7,101,Cambridge,hard,A,90,0,0,0,0,0,0,0,0,0,0,1,9,0,1,0,0,0,4
535616,Aron,Sasu,A. Sasu,FWD,2623,7,101,Cambridge,hard,A,89,0,0,0,0,0,0,0,0,0,0,0,0,0,0,0,1,0,2
536110,Josh,Feeney,J. Feeney,DEF,73,7,48,Stockport,hard,A,90,0,0,0,0,0,0,0,0,0,0,1,7,0,1,0,0,0,3
536119,Charlie,Crew,C. Crew,MID,42,7,44,Tranmere,medium,A,0,0,0,0,0,0,0,0,0,0,0,0,0,0,0,0,0,0,0
536124,James,Pradic,J. Pradic,GK,2048,7,82,Rochdale,medium,H,0,0,0,0,0,0,0,0,0,0,0,0,0,0,0,0,0,0,0
536126,Calum,Agius,C. Agius,FWD,51,7,72,Rotherham,medium,A,0,0,0,0,0,0,0,0,0,0,0,0,0,0,0,0,0,0,0
536377,Lewis,Billington,L. Billington,DEF,51,7,72,Rotherham,medium,A,90,0,0,0,0,0,0,0,0,0,0,1,2,0,0,0,0,0,2
536380,Joel,Tabiner,J. Tabiner,MID,51,7,72,Rotherham,medium,A,84,0,0,0,0,0,0,0,0,0,0,0,0,0,0,0,0,0,2
536382,Tom,Booth,T. Booth,GK,51,7,72,Rotherham,medium,A,90,0,0,0,0,0,0,0,4,0,0,1,0,0,0,0,0,0,4
536412,Frankie,Terry,F. Terry,DEF,99,7,74,Shrewsbury,easy,A,0,0,0,0,0,0,0,0,0,0,0,0,0,0,0,0,0,0,0
536686,Ben,Perry,B. Perry,MID,99,7,74,Shrewsbury,easy,A,0,0,0,0,0,0,0,0,0,0,0,0,0,0,0,0,0,0,0
538184,Caylan,Vickers,C. Vickers,FWD,587,7,76,Plymouth,hard,A,90,0,0,1,0,0,0,0,0,0,0,0,0,0,0,0,0,1,6
538189,Boyd,Beacroft,B. Beacroft,DEF,108,7,112,Wycombe,medium,A,0,0,0,0,0,0,0,0,0,0,0,0,0,0,0,0,0,0,0
538292,Zak,Bradshaw,Z. Bradshaw,DEF,101,7,2623,AFC Wim,hard,H,90,1,0,0,0,0,0,0,0,0,0,1,1,0,2,0,0,0,10
538632,Rico,Browne,R. Browne,DEF,42,7,44,Tranmere,medium,A,0,0,0,0,0,0,0,0,0,0,0,0,0,0,0,0,0,0,0
538637,Brandon,Khela,B. Khela,MID,73,7,48,Stockport,hard,A,0,0,0,0,0,0,0,0,0,0,0,0,0,0,0,0,0,0,0
538865,Elliott,Nevitt,E. Nevitt,FWD,105,7,3448,Salford,hard,H,15,0,0,0,0,0,0,0,0,0,0,0,0,0,0,0,1,0,1
543468,Benony,Andrésson,B. Andrésson,FWD,48,7,73,Peterborough,easy,H,0,0,0,0,0,0,0,0,0,0,0,0,0,0,0,0,0,0,0
543866,Charlie,McArthur,C. McArthur,DEF,78,7,100,Gillingham,medium,H,0,0,0,0,0,0,0,0,0,0,0,0,0,0,0,0,0,0,0
545386,Adam,Murphy,A. Murphy,MID,2048,7,82,Rochdale,medium,H,70,0,0,0,0,0,0,0,0,0,0,0,0,0,0,0,4,0,4
545411,Mason,Hancock,M. Hancock,DEF,42,7,44,Tranmere,medium,A,90,0,0,0,0,0,0,0,0,0,0,1,4,1,2,0,0,0,4
545436,Dylan,Duffy,D. Duffy,MID,98,7,87,Cheltenham,hard,A,0,0,0,0,0,0,0,0,0,0,0,0,0,0,0,0,0,0,0
545511,Cathal,Heffernan,C. Heffernan,DEF,101,7,2623,AFC Wim,hard,H,90,0,0,0,0,0,0,0,0,0,0,1,6,1,0,0,0,0,3
545956,Ethan,Pye,E. Pye,DEF,48,7,73,Peterborough,easy,H,90,0,0,0,0,0,0,0,0,0,1,0,6,0,1,0,0,0,8
546179,Josh,Woods,J. Woods,FWD,888,7,46,Swindon,medium,A,83,1,0,0,0,0,1,0,0,0,0,0,0,0,0,0,0,1,7
546393,Tommy,Leigh,T. Leigh,MID,96,7,71,Exeter,easy,H,0,0,0,0,0,0,0,0,0,0,0,0,0,0,0,0,0,0,0
546399,Liam,Bennett,L. Bennett,DEF,101,7,2623,AFC Wim,hard,H,0,0,0,0,0,0,0,0,0,0,0,0,0,0,0,0,0,0,0
546400,Mamadou,Jobe,M. Jobe,DEF,48,7,73,Peterborough,easy,H,7,0,0,0,0,0,0,0,0,0,0,0,3,0,0,0,0,0,1
546511,Ryan,Howley,R. Howley,MID,96,7,71,Exeter,easy,H,0,0,0,0,0,0,0,0,0,0,0,0,0,0,0,0,0,0,0
546753,Zech,Obiero,Z. Obiero,MID,100,7,78,York,hard,A,0,0,0,0,0,0,0,0,0,0,0,0,0,0,0,0,0,0,0
546765,Kelly,N'Mai,K. N'Mai,MID,3448,7,105,Oldham,easy,A,78,1,0,0,0,0,0,0,0,0,0,0,0,0,0,1,1,2,12
547379,James,Debayo,J. Debayo,DEF,46,7,888,Accrington,easy,H,19,0,0,0,0,0,0,0,0,0,0,0,1,0,0,0,0,0,1
547410,Harrison,Jones,H. Jones,MID,73,7,48,Stockport,hard,A,21,0,0,0,0,0,0,0,0,0,0,0,0,0,0,0,0,0,1
547415,Ben,Middlemas,B. Middlemas,MID,46,7,888,Accrington,easy,H,0,0,0,0,0,0,0,0,0,0,0,0,0,0,0,0,0,0,0
547664,Jaden,Williams,J. Williams,FWD,99,7,74,Shrewsbury,easy,A,0,0,0,0,0,0,0,0,0,0,0,0,0,0,0,0,0,0,0
547675,Sonny,Aljofree,S. Aljofree,DEF,72,7,51,Crewe,medium,H,90,0,0,0,0,0,0,0,0,0,0,1,11,0,2,0,0,0,5
547680,Delano,McCoy-Splatt,D. McCoy-Splatt,MID,2623,7,101,Cambridge,hard,A,0,0,0,0,0,0,0,0,0,0,0,0,0,0,0,0,0,0,0
547685,Hayden,Carson,H. Carson,FWD,3448,7,105,Oldham,easy,A,0,0,0,0,0,0,0,0,0,0,0,0,0,0,0,0,0,0,0
547720,Charlie,Tasker,C. Tasker,DEF,82,7,2048,Fleetwood,medium,A,90,0,0,0,0,0,0,0,0,0,0,1,6,0,4,0,0,0,5
547747,Murphy,Cooper,M. Cooper,GK,76,7,587,Burton,hard,H,90,0,0,0,0,0,0,0,2,0,0,1,0,0,0,0,0,0,2
547800,Joel,Catesby,J. Catesby,FWD,888,7,46,Swindon,medium,A,7,0,0,0,0,0,0,0,0,0,0,0,0,0,0,0,0,0,1
547921,Charlie,Veevers,C. Veevers,MID,44,7,42,Walsall,hard,H,0,0,0,0,0,0,0,0,0,0,0,0,0,0,0,0,0,0,0
549059,Aaron,Loupalo-Bi,A. Loupalo-Bi,FWD,2048,7,82,Rochdale,medium,H,90,0,0,1,0,0,0,0,0,0,0,0,0,0,0,0,2,0,6
549066,Byron,Pendleton,B. Pendleton,DEF,74,7,99,Colchester,medium,H,0,0,0,0,0,0,0,0,0,0,0,0,0,0,0,0,0,0,0
549152,Isaac,Moore,I. Moore,MID,42,7,44,Tranmere,medium,A,90,0,0,0,0,0,1,0,0,0,0,0,0,0,0,1,0,0,3
549153,Craig,Hewitt,C. Hewitt,MID,78,7,100,Gillingham,medium,H,0,0,0,0,0,0,0,0,0,0,0,0,0,0,0,0,0,0,0
549344,Sam,Curtis,S. Curtis,DEF,101,7,2623,AFC Wim,hard,H,0,0,0,0,0,0,0,0,0,0,0,0,0,0,0,0,0,0,0
549640,Michael,Golding,M. Golding,MID,74,7,99,Colchester,medium,H,0,0,0,0,0,0,0,0,0,0,0,0,0,0,0,0,0,0,0
549643,Tom,Myles,T. Myles,GK,3448,7,105,Oldham,easy,A,0,0,0,0,0,0,0,0,0,0,0,0,0,0,0,0,0,0,0
549901,Oliver,Whatmuff,O. Whatmuff,GK,48,7,73,Peterborough,easy,H,0,0,0,0,0,0,0,0,0,0,0,0,0,0,0,0,0,0,0
550331,Collin,Andeng-Ndi,C. Andeng-Ndi,GK,73,7,48,Stockport,hard,A,0,0,0,0,0,0,0,0,0,0,0,0,0,0,0,0,0,0,0
550610,Kaiden,Wilson,K. Wilson,DEF,82,7,2048,Fleetwood,medium,A,90,0,0,0,0,0,0,0,0,0,0,1,4,1,0,0,0,0,3
550616,Reiss-Alexander,Russell-Denny,R. Russell-Denny,MID,96,7,71,Exeter,easy,H,26,0,0,0,0,0,0,0,0,0,0,0,0,0,0,1,1,1,4
550970,Ethan,Williams,E. Williams,FWD,73,7,48,Stockport,hard,A,11,0,0,0,0,0,0,0,0,0,0,0,0,0,0,0,1,0,1
553242,Owen,Lunt,O. Lunt,MID,51,7,72,Rotherham,medium,A,23,0,0,0,0,0,0,0,0,0,0,0,0,0,0,0,0,0,1
553676,Joe,Thomas,J. Thomas,DEF,437,7,53,Grimsby,hard,H,19,0,0,0,0,0,0,0,0,0,0,1,0,0,0,0,0,0,1
555353,Caleb,Roberts,C. Roberts,MID,76,7,587,Burton,hard,H,0,0,0,0,0,0,0,0,0,0,0,0,0,0,0,0,0,0,0
556189,Matús,Holícek,M. Holícek,MID,51,7,72,Rotherham,medium,A,67,0,0,0,0,0,0,0,0,0,0,0,0,0,0,0,0,0,2
556639,Jayce,Fitzgerald,J. Fitzgerald,MID,72,7,51,Crewe,medium,H,32,0,0,0,0,0,0,0,0,0,0,0,0,0,0,1,0,0,3
556685,Andrew,Oluwabori,A. Oluwabori,FWD,71,7,96,Bristol R,hard,A,22,0,0,0,0,0,0,0,0,0,0,0,0,0,0,0,0,0,1
559098,Josh,Stokes,J. Stokes,MID,108,7,112,Wycombe,medium,A,84,0,0,0,0,0,0,0,0,0,0,0,0,0,0,0,3,1,4
559743,Josh,Stones,J. Stones,FWD,78,7,100,Gillingham,medium,H,0,0,0,0,0,0,0,0,0,0,0,0,0,0,0,0,0,0,0
559963,Kiano,Dyer,K. Dyer,MID,98,7,87,Cheltenham,hard,A,12,0,0,0,0,0,0,0,0,0,0,0,0,0,0,0,1,0,1
560413,Glenn,McConnell,G. McConnell,MID,101,7,2623,AFC Wim,hard,H,45,0,0,0,0,0,0,0,0,0,0,0,0,0,0,0,0,1,2
560860,Joseph,Gbode,J. Gbode,FWD,74,7,99,Colchester,medium,H,0,0,0,0,0,0,0,0,0,0,0,0,0,0,0,0,0,0,0
561063,Bobby,Faulkner,B. Faulkner,DEF,44,7,42,Walsall,hard,H,90,1,0,0,0,0,0,0,0,0,0,1,3,0,2,0,0,0,10
561612,Ajay,Matthews,A. Matthews,FWD,71,7,96,Bristol R,hard,A,0,0,0,0,0,0,0,0,0,0,0,0,0,0,0,0,0,0,0
563935,Oliver,Irow,O. Irow,FWD,76,7,587,Burton,hard,H,90,0,0,0,0,0,0,0,0,0,0,0,0,0,0,0,0,0,2
564365,Max,Jolliffe,M. Jolliffe,MID,99,7,74,Shrewsbury,easy,A,0,0,0,0,0,0,0,0,0,0,0,0,0,0,0,0,0,0,0
564505,Sam,Proctor,S. Proctor,GK,74,7,99,Colchester,medium,H,0,0,0,0,0,0,0,0,0,0,0,0,0,0,0,0,0,0,0
565435,Fraser,Bryden,F. Bryden,FWD,98,7,87,Cheltenham,hard,A,20,0,0,0,0,0,0,0,0,0,0,0,0,0,0,0,0,0,1
565999,Bryant,Bilongo,B. Bilongo,DEF,82,7,2048,Fleetwood,medium,A,0,0,0,0,0,0,0,0,0,0,0,0,0,0,0,0,0,0,0
566657,Favour,Fawunmi,F. Fawunmi,FWD,105,7,3448,Salford,hard,H,9,0,0,0,0,0,0,0,0,0,0,0,0,0,0,0,0,0,1
567250,Wyll,Stanway,W. Stanway,GK,87,7,98,Chesterfield,hard,H,90,0,0,0,0,0,0,0,10,0,0,1,0,0,0,0,0,0,8
568164,Callum,Stead,C. Stead,FWD,101,7,2623,AFC Wim,hard,H,0,0,0,0,0,0,0,0,0,0,0,0,0,0,0,0,0,0,0
570919,Josh,Robertson,J. Robertson,MID,2048,7,82,Rochdale,medium,H,0,0,0,0,0,0,0,0,0,0,0,0,0,0,0,0,0,0,0
571032,Jamie,Jellis,J. Jellis,MID,72,7,51,Crewe,medium,H,0,0,0,0,0,0,0,0,0,0,0,0,0,0,0,0,0,0,0
572691,Bradley,Ihionvien,B. Ihionvien,FWD,99,7,74,Shrewsbury,easy,A,73,0,0,0,0,0,0,0,0,0,0,0,0,0,0,0,0,1,3
574104,Daniel,Kyerewaa,D. Kyerewaa,MID,108,7,112,Wycombe,medium,A,15,0,0,0,0,0,0,0,0,0,0,0,0,0,0,0,0,0,1
574402,Mark,O’Mahony,M. O’Mahony,FWD,587,7,76,Plymouth,hard,A,0,0,0,0,0,0,0,0,0,0,0,0,0,0,0,0,0,0,0
575066,Ethan,Stiver,E. Stiver,FWD,78,7,100,Gillingham,medium,H,0,0,0,0,0,0,0,0,0,0,0,0,0,0,0,0,0,0,0
576496,Kyle,Ure,K. Ure,MID,51,7,72,Rotherham,medium,A,90,0,0,0,0,0,1,0,0,0,0,0,0,0,0,2,0,0,5
576767,Aidan,Borland,A. Borland,MID,888,7,46,Swindon,medium,A,0,0,0,0,0,0,0,0,0,0,0,0,0,0,0,0,0,0,0
576874,Jaylan,Pearman,J. Pearman,MID,46,7,888,Accrington,easy,H,0,0,0,0,0,0,0,0,0,0,0,0,0,0,0,0,0,0,0
577019,Donnell,McNeilly,D. McNeilly,FWD,2623,7,101,Cambridge,hard,A,16,0,0,0,0,0,0,0,0,0,0,0,0,0,0,0,0,0,1
581236,Gbemi,Arubi,G. Arubi,FWD,587,7,76,Plymouth,hard,A,0,0,0,0,0,0,0,0,0,0,0,0,0,0,0,0,0,0,0
581268,Stephan,Negru,S. Negru,DEF,46,7,888,Accrington,easy,H,90,0,0,0,0,0,0,0,0,0,0,1,9,3,1,0,0,0,5
581537,Finley,Potter,F. Potter,DEF,2048,7,82,Rochdale,medium,H,90,0,0,0,0,0,0,0,0,0,0,2,5,2,1,0,0,0,3
582584,Lewis,Temple,L. Temple,DEF,105,7,3448,Salford,hard,H,90,0,0,0,0,0,0,0,0,0,0,4,4,0,3,0,0,0,2
584833,Billy,Kirkman,B. Kirkman,DEF,46,7,888,Accrington,easy,H,10,0,0,0,0,0,0,0,0,0,0,0,1,0,0,0,0,0,1
586436,Devon,Matthews,D. Matthews,DEF,888,7,46,Swindon,medium,A,90,0,0,0,0,0,0,0,0,0,0,1,6,1,1,0,0,0,3
587252,James,Plant,J. Plant,MID,44,7,42,Walsall,hard,H,0,0,0,0,0,0,0,0,0,0,0,0,0,0,0,0,0,0,0
587387,Connor,O'Brien,C. O'Brien,DEF,888,7,46,Swindon,medium,A,90,0,0,0,0,0,0,0,0,0,0,1,4,0,1,0,0,0,3
587433,Conor,McManus,C. McManus,DEF,100,7,78,York,hard,A,0,0,0,0,0,0,0,0,0,0,0,0,0,0,0,0,0,0,0
587644,Owen,Oseni,O. Oseni,FWD,76,7,587,Burton,hard,H,0,0,0,0,0,0,0,0,0,0,0,0,0,0,0,0,0,0,0
587664,Elicha,Ahui,E. Ahui,DEF,42,7,44,Tranmere,medium,A,76,0,0,0,0,0,0,0,0,0,0,1,1,0,0,0,0,0,2
588793,Maldini,Kacurri,M. Kacurri,DEF,53,7,437,Newport,easy,A,90,0,0,0,0,0,0,0,0,0,0,2,2,0,1,0,0,0,1
589100,Jacob,Slater,J. Slater,DEF,44,7,42,Walsall,hard,H,90,0,0,0,0,0,0,0,0,0,0,1,7,0,2,0,0,0,4
589111,Lenny,Agbaire,L. Agbaire,DEF,72,7,51,Crewe,medium,H,0,0,0,0,0,0,0,0,0,0,0,0,0,0,0,0,0,0,0
589113,Casey,Pettit,C. Pettit,MID,82,7,2048,Fleetwood,medium,A,0,0,0,0,0,0,0,0,0,0,0,0,0,0,0,0,0,0,0
589114,Zack,Nelson,Z. Nelson,MID,2623,7,101,Cambridge,hard,A,54,0,0,0,0,0,0,0,0,0,0,0,0,0,0,0,0,0,1
589121,Ethan,Sutherland,E. Sutherland,MID,71,7,96,Bristol R,hard,A,90,0,0,0,0,0,0,0,0,0,0,0,0,0,0,0,0,2,4
589507,Leon,Chiwome,L. Chiwome,FWD,99,7,74,Shrewsbury,easy,A,0,0,0,0,0,0,0,0,0,0,0,0,0,0,0,0,0,0,0
589598,Kaelan,Majekodunmi,K. Majekodunmi,DEF,46,7,888,Accrington,easy,H,90,0,0,0,0,0,1,0,0,0,0,1,13,0,0,0,0,0,4
590042,Danny,Anisjko,D. Anisjko,FWD,98,7,87,Cheltenham,hard,A,0,0,0,0,0,0,0,0,0,0,0,0,0,0,0,0,0,0,0
591191,Anthony,Munda,A. Munda,MID,46,7,888,Accrington,easy,H,90,0,0,0,0,0,0,0,0,0,0,0,0,0,0,1,1,0,4
591491,Sean,Patton,S. Patton,FWD,108,7,112,Wycombe,medium,A,0,0,0,0,0,0,0,0,0,0,0,0,0,0,0,0,0,0,0
591529,Donay,O'Brien-Brady,D. O'Brien-Brady,MID,73,7,48,Stockport,hard,A,0,0,0,0,0,0,0,0,0,0,0,0,0,0,0,0,0,0,0
591555,Keenan,Gough,K. Gough,MID,96,7,71,Exeter,easy,H,0,0,0,0,0,0,0,0,0,0,0,0,0,0,0,0,0,0,0
591861,James,Dornelly,J. Dornelly,DEF,73,7,48,Stockport,hard,A,0,0,0,0,0,0,0,0,0,0,0,0,0,0,0,0,0,0,0
592663,Kyreece,Lisbie,K. Lisbie,FWD,108,7,112,Wycombe,medium,A,74,0,0,0,0,0,1,0,0,0,0,0,0,0,0,0,1,1,2
592763,Finn,Delap,F. Delap,DEF,587,7,76,Plymouth,hard,A,90,0,0,0,0,0,0,0,0,0,1,0,5,2,2,0,0,0,10
594184,Fabrizio,Cavegn,F. Cavegn,FWD,96,7,71,Exeter,easy,H,89,1,0,0,0,0,0,0,0,0,0,0,0,0,0,0,1,1,8
597744,Ed,James,E. James,DEF,71,7,96,Bristol R,hard,A,0,0,0,0,0,0,0,0,0,0,0,0,0,0,0,0,0,0,0
597952,Emmanuel,Adegboyega,E. Adegboyega,DEF,72,7,51,Crewe,medium,H,0,0,0,0,0,0,0,0,0,0,0,0,0,0,0,0,0,0,0
597983,Ollie,Harrison,O. Harrison,MID,2623,7,101,Cambridge,hard,A,90,0,0,0,0,0,0,0,0,0,0,0,0,0,0,1,1,0,4
599163,Milton,Oni,M. Oni,MID,99,7,74,Shrewsbury,easy,A,0,0,0,0,0,0,0,0,0,0,0,0,0,0,0,0,0,0,0
600952,Freddy,Willcox,F. Willcox,MID,87,7,98,Chesterfield,hard,H,3,0,0,0,0,0,1,0,0,0,0,0,0,0,0,0,0,0,0
601496,Jili,Buyabu,J. Buyabu,DEF,72,7,51,Crewe,medium,H,90,0,0,0,0,0,0,0,0,0,0,1,0,0,0,0,0,0,2
601958,Finlay,Cartwright,F. Cartwright,MID,53,7,437,Newport,easy,A,59,0,0,0,0,0,0,0,0,0,0,0,0,0,0,1,0,0,3
601986,David,Kamara,D. Kamara,FWD,44,7,42,Walsall,hard,H,0,0,0,0,0,0,0,0,0,0,0,0,0,0,0,0,0,0,0
602896,Logan,Dobbs,L. Dobbs,DEF,100,7,78,York,hard,A,65,0,0,0,0,0,0,0,0,0,0,1,2,0,2,0,0,0,3
602934,Fletcher,Holman,F. Holman,FWD,46,7,888,Accrington,easy,H,0,0,0,0,0,0,0,0,0,0,0,0,0,0,0,0,0,0,0
603889,Hamish,Douglas,H. Douglas,MID,72,7,51,Crewe,medium,H,1,0,0,0,0,0,0,0,0,0,0,0,0,0,0,0,0,0,1
604142,George,Hoddle,G. Hoddle,MID,101,7,2623,AFC Wim,hard,H,11,0,0,0,0,0,0,0,0,0,0,0,0,0,0,0,0,0,1
604358,Taite,Holtam,T. Holtam,GK,100,7,78,York,hard,A,0,0,0,0,0,0,0,0,0,0,0,0,0,0,0,0,0,0,0
604988,Freddie,Simmonds,F. Simmonds,DEF,2623,7,101,Cambridge,hard,A,0,0,0,0,0,0,0,0,0,0,0,0,0,0,0,0,0,0,0
604992,Zain,Tahir,Z. Tahir,DEF,105,7,3448,Salford,hard,H,0,0,0,0,0,0,0,0,0,0,0,0,0,0,0,0,0,0,0
605384,Moses,Sesay,M. Sesay,MID,99,7,74,Shrewsbury,easy,A,90,2,0,0,0,0,0,0,0,0,0,0,0,0,0,0,1,2,16
605755,Sam,Parker,S. Parker,DEF,112,7,108,Reading,medium,H,45,0,0,0,0,0,0,0,0,0,0,2,0,0,0,0,0,0,0
608031,Michael,Adu-Poku,M. Adu-Poku,FWD,437,7,53,Grimsby,hard,H,89,0,0,0,0,0,0,0,0,0,0,0,0,0,0,0,1,0,2
608905,Connor,Cook,C. Cook,MID,98,7,87,Cheltenham,hard,A,0,0,0,0,0,0,0,0,0,0,0,0,0,0,0,0,0,0,0
610439,Emeka,Adiele,E. Adiele,DEF,587,7,76,Plymouth,hard,A,0,0,0,0,0,0,0,0,0,0,0,0,0,0,0,0,0,0,0
612192,Oliver,Bellizia,O. Bellizia,GK,2048,7,82,Rochdale,medium,H,0,0,0,0,0,0,0,0,0,0,0,0,0,0,0,0,0,0,0
612195,Kayden,Hughes,K. Hughes,DEF,2048,7,82,Rochdale,medium,H,64,0,0,0,0,0,0,0,0,0,0,2,7,0,0,0,0,0,2
612351,Andrew,Wogan,A. Wogan,GK,48,7,73,Peterborough,easy,H,0,0,0,0,0,0,0,0,0,0,0,0,0,0,0,0,0,0,0
612356,Jesse,Dempsey,J. Dempsey,DEF,2048,7,82,Rochdale,medium,H,0,0,0,0,0,0,0,0,0,0,0,0,0,0,0,0,0,0,0
612941,Tyler,Sackey,T. Sackey,MID,108,7,112,Wycombe,medium,A,0,0,0,0,0,0,0,0,0,0,0,0,0,0,0,0,0,0,0
612943,Phillip,Duah,P. Duah,DEF,108,7,112,Wycombe,medium,A,0,0,0,0,0,0,0,0,0,0,0,0,0,0,0,0,0,0,0
612944,Emmanuel,Osho,E. Osho,DEF,108,7,112,Wycombe,medium,A,0,0,0,0,0,0,0,0,0,0,0,0,0,0,0,0,0,0,0
612948,Jerae,Jones,J. Jones,MID,108,7,112,Wycombe,medium,A,0,0,0,0,0,0,0,0,0,0,0,0,0,0,0,0,0,0,0
612949,Ashqar,Ahmed,A. Ahmed,DEF,108,7,112,Wycombe,medium,A,0,0,0,0,0,0,0,0,0,0,0,0,0,0,0,0,0,0,0
614471,Tanatswa,Nyakuhwa,T. Nyakuhwa,FWD,437,7,53,Grimsby,hard,H,0,0,0,0,0,0,0,0,0,0,0,0,0,0,0,0,0,0,0
614669,Kirsten,Otchere,K. Otchere,FWD,87,7,98,Chesterfield,hard,H,3,0,0,0,0,0,0,0,0,0,0,0,0,0,0,0,0,0,1
615130,Dujuan,Richards,D. Richards,FWD,2623,7,101,Cambridge,hard,A,36,0,0,0,0,0,0,0,0,0,0,0,0,0,0,0,1,0,1
615274,Luke,Howard,L. Howard,DEF,108,7,112,Wycombe,medium,A,0,0,0,0,0,0,0,0,0,0,0,0,0,0,0,0,0,0,0
616580,Samuel,Tabares,S. Tabares,DEF,100,7,78,York,hard,A,0,0,0,0,0,0,0,0,0,0,0,0,0,0,0,0,0,0,0
619745,George,Nevett,G. Nevett,DEF,44,7,42,Walsall,hard,H,0,0,0,0,0,0,0,0,0,0,0,0,0,0,0,0,0,0,0
619811,Harley,Mills,H. Mills,DEF,73,7,48,Stockport,hard,A,90,0,0,0,0,0,1,0,0,0,0,1,2,0,0,0,0,0,1
627301,Kain,Adom,K. Adom,FWD,587,7,76,Plymouth,hard,A,45,0,0,0,0,0,0,0,0,0,0,0,0,0,0,0,0,0,1
627550,Nils,Ramming,N. Ramming,GK,82,7,2048,Fleetwood,medium,A,0,0,0,0,0,0,0,0,0,0,0,0,0,0,0,0,0,0,0
627894,Kai,Payne,K. Payne,MID,105,7,3448,Salford,hard,H,0,0,0,0,0,0,0,0,0,0,0,0,0,0,0,0,0,0,0
628933,Callum,Perry,C. Perry,DEF,101,7,2623,AFC Wim,hard,H,0,0,0,0,0,0,0,0,0,0,0,0,0,0,0,0,0,0,0
630664,Jake,Evans,J. Evans,FWD,87,7,98,Chesterfield,hard,H,59,0,0,0,0,0,0,0,0,0,0,0,0,0,0,0,1,1,2
631278,Crispin,McLean,C. McLean,MID,2048,7,82,Rochdale,medium,H,0,0,0,0,0,0,0,0,0,0,0,0,0,0,0,0,0,0,0
631866,Declan,Skura,D. Skura,DEF,42,7,44,Tranmere,medium,A,90,0,0,0,0,0,0,0,0,0,0,1,4,1,1,0,0,0,3
631869,Noah,Freeman,N. Freeman,DEF,73,7,48,Stockport,hard,A,0,0,0,0,0,0,0,0,0,0,0,0,0,0,0,0,0,0,0
632624,Cameron,Gardner,C. Gardner,MID,53,7,437,Newport,easy,A,0,0,0,0,0,0,0,0,0,0,0,0,0,0,0,0,0,0,0
634637,Liam,Oakes,L. Oakes,DEF,71,7,96,Bristol R,hard,A,0,0,0,0,0,0,0,0,0,0,0,0,0,0,0,0,0,0,0
636309,Sam,Inwood,S. Inwood,DEF,46,7,888,Accrington,easy,H,0,0,0,0,0,0,0,0,0,0,0,0,0,0,0,0,0,0,0
637626,Harry,Ashfield,H. Ashfield,MID,73,7,48,Stockport,hard,A,69,0,0,0,0,0,0,0,0,0,0,0,0,0,0,3,0,1,9
637629,Kyrell,Malcolm,K. Malcolm,MID,3448,7,105,Oldham,easy,A,0,0,0,0,0,0,0,0,0,0,0,0,0,0,0,0,0,0,0
637635,Alex,Henderson,A. Henderson,MID,888,7,46,Swindon,medium,A,45,0,0,0,0,0,0,0,0,0,0,0,0,0,0,1,0,1,4
640795,Ollie,Dewsbury,O. Dewsbury,MID,96,7,71,Exeter,easy,H,0,0,0,0,0,0,0,0,0,0,0,0,0,0,0,0,0,0,0
640798,Danny,Ormerod,D. Ormerod,FWD,73,7,48,Stockport,hard,A,28,0,0,0,0,0,0,0,0,0,0,0,0,0,0,0,1,0,1
641086,Sopuruchukwu,Obieri,S. Obieri,FWD,87,7,98,Chesterfield,hard,H,0,0,0,0,0,0,0,0,0,0,0,0,0,0,0,0,0,0,0
641307,Raffaele,Cirino,R. Cirino,DEF,2048,7,82,Rochdale,medium,H,90,0,0,0,0,0,1,0,0,0,0,2,0,0,1,0,0,0,0
641312,Charlie,Binns,C. Binns,GK,96,7,71,Exeter,easy,H,0,0,0,0,0,0,0,0,0,0,0,0,0,0,0,0,0,0,0
642301,Joel,McGregor,J. McGregor,DEF,46,7,888,Accrington,easy,H,0,0,0,0,0,0,0,0,0,0,0,0,0,0,0,0,0,0,0
642317,Stan,Dancey,S. Dancey,DEF,51,7,72,Rotherham,medium,A,0,0,0,0,0,0,0,0,0,0,0,0,0,0,0,0,0,0,0
643003,Eddie,Fox,E. Fox,MID,73,7,48,Stockport,hard,A,0,0,0,0,0,0,0,0,0,0,0,0,0,0,0,0,0,0,0
644593,Kian,McMahon-Brown,K. McMahon-Brown,FWD,74,7,99,Colchester,medium,H,0,0,0,0,0,0,0,0,0,0,0,0,0,0,0,0,0,0,0
644594,Muhammad,Oladiti,M. Oladiti,MID,2048,7,82,Rochdale,medium,H,0,0,0,0,0,0,0,0,0,0,0,0,0,0,0,0,0,0,0
645136,Pele,Smith,P. Smith,MID,2048,7,82,Rochdale,medium,H,0,0,0,0,0,0,0,0,0,0,0,0,0,0,0,0,0,0,0
647059,Charlie,Cummins,C. Cummins,MID,71,7,96,Bristol R,hard,A,90,0,0,0,0,0,0,0,0,0,0,0,0,0,0,1,1,1,5
647587,Adama,Sidibeh,A. Sidibeh,FWD,48,7,73,Peterborough,easy,H,0,0,0,0,0,0,0,0,0,0,0,0,0,0,0,0,0,0,0
647651,T'Shay,Saint-Louis,T. Saint-Louis,MID,108,7,112,Wycombe,medium,A,0,0,0,0,0,0,0,0,0,0,0,0,0,0,0,0,0,0,0
649240,Joshua,Stephenson,J. Stephenson,DEF,51,7,72,Rotherham,medium,A,90,0,0,0,0,0,1,0,0,0,0,1,6,0,0,0,0,0,2
649251,Sheldon,Kendall,S. Kendall,FWD,100,7,78,York,hard,A,25,0,0,0,0,0,0,0,0,0,0,0,0,0,0,0,0,0,1
650516,Zane,Okoro,Z. Okoro,FWD,44,7,42,Walsall,hard,H,71,0,0,0,0,0,0,0,0,0,0,0,0,0,0,0,1,0,2
652105,Conor,Haughey,C. Haughey,DEF,2048,7,82,Rochdale,medium,H,0,0,0,0,0,0,0,0,0,0,0,0,0,0,0,0,0,0,0
654147,Sebastian,Auton,S. Auton,GK,53,7,437,Newport,easy,A,0,0,0,0,0,0,0,0,0,0,0,0,0,0,0,0,0,0,0
655542,Cian,Doyle,C. Doyle,MID,53,7,437,Newport,easy,A,0,0,0,0,0,0,0,0,0,0,0,0,0,0,0,0,0,0,0
661426,Sean,Costelloe,S. Costelloe,MID,2048,7,82,Rochdale,medium,H,0,0,0,0,0,0,0,0,0,0,0,0,0,0,0,0,0,0,0
662836,Kamil,Dudek,K. Dudek,GK,587,7,76,Plymouth,hard,A,0,0,0,0,0,0,0,0,0,0,0,0,0,0,0,0,0,0,0
662921,Josh,Smith,J. Smith,DEF,888,7,46,Swindon,medium,A,0,0,0,0,0,0,0,0,0,0,0,0,0,0,0,0,0,0,0
663615,Jack,Taylor,J. Taylor,DEF,71,7,96,Bristol R,hard,A,68,0,0,0,0,0,0,0,0,0,0,1,11,0,2,0,0,0,5
663638,Yahya,Bamba,Y. Bamba,FWD,437,7,53,Grimsby,hard,H,1,0,0,0,0,0,0,0,0,0,0,0,0,0,0,0,0,0,1
663752,Ryley,Reynolds,R. Reynolds,MID,53,7,437,Newport,easy,A,54,0,0,0,0,0,0,0,0,0,0,0,0,0,0,0,0,0,1
663866,Lee,Isaac,L. Isaac,DEF,74,7,99,Colchester,medium,H,0,0,0,0,0,0,0,0,0,0,0,0,0,0,0,0,0,0,0
664054,Che,Gardner,C. Gardner,MID,48,7,73,Peterborough,easy,H,0,0,0,0,0,0,0,0,0,0,0,0,0,0,0,0,0,0,0
664824,Henry,Brown,H. Brown,MID,53,7,437,Newport,easy,A,0,0,0,0,0,0,0,0,0,0,0,0,0,0,0,0,0,0,0
664914,Favour,Onukwuli,F. Onukwuli,MID,87,7,98,Chesterfield,hard,H,0,0,0,0,0,0,0,0,0,0,0,0,0,0,0,0,0,0,0
665299,Harry,Waldock,H. Waldock,MID,100,7,78,York,hard,A,90,0,0,0,0,0,0,0,0,0,0,0,0,0,0,0,0,0,2
666230,James,Rogerson,J. Rogerson,GK,888,7,46,Swindon,medium,A,0,0,0,0,0,0,0,0,0,0,0,0,0,0,0,0,0,0,0
666231,Vernon,Masara,V. Masara,FWD,73,7,48,Stockport,hard,A,0,0,0,0,0,0,0,0,0,0,0,0,0,0,0,0,0,0,0
666329,Liam,Cartwright,L. Cartwright,DEF,71,7,96,Bristol R,hard,A,0,0,0,0,0,0,0,0,0,0,0,0,0,0,0,0,0,0,0
666331,George,Birch,G. Birch,MID,71,7,96,Bristol R,hard,A,13,0,0,0,0,0,0,0,0,0,0,0,0,0,0,0,0,0,1
666334,George,Williams,G. Williams,FWD,71,7,96,Bristol R,hard,A,0,0,0,0,0,0,0,0,0,0,0,0,0,0,0,0,0,0,0
666335,Tobias,Alsop,T. Alsop,DEF,71,7,96,Bristol R,hard,A,0,0,0,0,0,0,0,0,0,0,0,0,0,0,0,0,0,0,0
666339,Louie,Cayless,L. Cayless,DEF,71,7,96,Bristol R,hard,A,0,0,0,0,0,0,0,0,0,0,0,0,0,0,0,0,0,0,0
666407,Frankie,Phillips,F. Phillips,GK,71,7,96,Bristol R,hard,A,0,0,0,0,0,0,0,0,0,0,0,0,0,0,0,0,0,0,0
666408,Adrien,Thibaut,A. Thibaut,FWD,51,7,72,Rotherham,medium,A,73,0,0,0,0,0,0,0,0,0,0,0,0,0,0,0,0,0,2
667886,Harry,Webster,H. Webster,DEF,100,7,78,York,hard,A,0,0,0,0,0,0,0,0,0,0,0,0,0,0,0,0,0,0,0
667895,Kien,Connolly,K. Connolly,MID,99,7,74,Shrewsbury,easy,A,1,0,0,0,0,0,0,0,0,0,0,0,0,0,0,0,0,0,1
667897,Sam,Kuffour,S. Kuffour,DEF,99,7,74,Shrewsbury,easy,A,0,0,0,0,0,0,0,0,0,0,0,0,0,0,0,0,0,0,0
667899,Ronnie,Harvey,R. Harvey,MID,99,7,74,Shrewsbury,easy,A,0,0,0,0,0,0,0,0,0,0,0,0,0,0,0,0,0,0,0
667904,Jenson,Kilroy,J. Kilroy,GK,42,7,44,Tranmere,medium,A,0,0,0,0,0,0,0,0,0,0,0,0,0,0,0,0,0,0,0
668792,Cian,O'Shea,C. O'Shea,GK,48,7,73,Peterborough,easy,H,0,0,0,0,0,0,0,0,0,0,0,0,0,0,0,0,0,0,0
670365,Joe,McCallum,J. McCallum,MID,112,7,108,Reading,medium,H,0,0,0,0,0,0,0,0,0,0,0,0,0,0,0,0,0,0,0
670475,Junior,Eccleston,J. Eccleston,DEF,98,7,87,Cheltenham,hard,A,0,0,0,0,0,0,0,0,0,0,0,0,0,0,0,0,0,0,0
672897,Harrison,Duncan,H. Duncan,DEF,72,7,51,Crewe,medium,H,0,0,0,0,0,0,0,0,0,0,0,0,0,0,0,0,0,0,0
672900,Kane,Richardson,K. Richardson,MID,72,7,51,Crewe,medium,H,0,0,0,0,0,0,0,0,0,0,0,0,0,0,0,0,0,0,0
672924,Luca,Moore,L. Moore,MID,51,7,72,Rotherham,medium,A,6,0,0,0,0,0,0,0,0,0,0,0,0,0,0,0,0,0,1
672930,Harry,Hedges,H. Hedges,MID,2623,7,101,Cambridge,hard,A,0,0,0,0,0,0,0,0,0,0,0,0,0,0,0,0,0,0,0
672933,Riley,Horan,R. Horan,DEF,2623,7,101,Cambridge,hard,A,1,0,0,0,0,0,0,0,0,0,0,0,1,0,0,0,0,0,1
674558,Mamadou,Diallo,M. Diallo,GK,87,7,98,Chesterfield,hard,H,0,0,0,0,0,0,0,0,0,0,0,0,0,0,0,0,0,0,0
676560,George,Sebine,G. Sebine,FWD,72,7,51,Crewe,medium,H,0,0,0,0,0,0,0,0,0,0,0,0,0,0,0,0,0,0,0
677092,Harry,Tustin,H. Tustin,MID,87,7,98,Chesterfield,hard,H,0,0,0,0,0,0,0,0,0,0,0,0,0,0,0,0,0,0,0
677095,Aston,Wilson,A. Wilson,GK,105,7,3448,Salford,hard,H,0,0,0,0,0,0,0,0,0,0,0,0,0,0,0,0,0,0,0
677938,Lucca,Mendonça,L. Mendonça,DEF,73,7,48,Stockport,hard,A,90,0,0,0,0,0,1,0,0,0,0,1,9,4,2,0,0,0,6
678670,Lennon,MacLorg,L. MacLorg,GK,100,7,78,York,hard,A,0,0,0,0,0,0,0,0,0,0,0,0,0,0,0,0,0,0,0
679062,Stan,Sargent,S. Sargent,FWD,100,7,78,York,hard,A,0,0,0,0,0,0,0,0,0,0,0,0,0,0,0,0,0,0,0
680376,Philip,Sanyaolu,P. Sanyaolu,MID,96,7,71,Exeter,easy,H,0,0,0,0,0,0,0,0,0,0,0,0,0,0,0,0,0,0,0
682082,Robin,Ashamu,R. Ashamu,MID,2623,7,101,Cambridge,hard,A,0,0,0,0,0,0,0,0,0,0,0,0,0,0,0,0,0,0,0
682234,Alfie,Merritt,A. Merritt,DEF,437,7,53,Grimsby,hard,H,0,0,0,0,0,0,0,0,0,0,0,0,0,0,0,0,0,0,0
682565,Raees,Bangura-Williams,R. Bangura-Williams,FWD,101,7,2623,AFC Wim,hard,H,0,0,0,0,0,0,0,0,0,0,0,0,0,0,0,0,0,0,0
685111,Isaac,Swansbury,I. Swansbury,DEF,78,7,100,Gillingham,medium,H,0,0,0,0,0,0,0,0,0,0,0,0,0,0,0,0,0,0,0
685687,Dylan,Jones,D. Jones,FWD,44,7,42,Walsall,hard,H,29,0,0,0,0,0,0,0,0,0,0,0,0,0,0,0,0,1,2
685891,Frankie,McMahon-Brown,F. McMahon-Brown,MID,3448,7,105,Oldham,easy,A,0,0,0,0,0,0,0,0,0,0,0,0,0,0,0,0,0,0,0
685901,Reece,Wilson,R. Wilson,FWD,72,7,51,Crewe,medium,H,0,0,0,0,0,0,0,0,0,0,0,0,0,0,0,0,0,0,0
687076,Lamin,Sillah,L. Sillah,FWD,100,7,78,York,hard,A,0,0,0,0,0,0,0,0,0,0,0,0,0,0,0,0,0,0,0
691803,James,Sissons,J. Sissons,GK,98,7,87,Cheltenham,hard,A,0,0,0,0,0,0,0,0,0,0,0,0,0,0,0,0,0,0,0
695074,Joe,Mwaro,J. Mwaro,DEF,76,7,587,Burton,hard,H,0,0,0,0,0,0,0,0,0,0,0,0,0,0,0,0,0,0,0
695080,Seb,Campbell,S. Campbell,MID,76,7,587,Burton,hard,H,0,0,0,0,0,0,0,0,0,0,0,0,0,0,0,0,0,0,0
695087,Jared,Rendle,J. Rendle,FWD,76,7,587,Burton,hard,H,0,0,0,0,0,0,0,0,0,0,0,0,0,0,0,0,0,0,0
695090,James,Sharpe,J. Sharpe,FWD,76,7,587,Burton,hard,H,0,0,0,0,0,0,0,0,0,0,0,0,0,0,0,0,0,0,0
695320,Isaac,England,I. England,DEF,74,7,99,Colchester,medium,H,0,0,0,0,0,0,0,0,0,0,0,0,0,0,0,0,0,0,0
695611,Moses,Alexander-Walker,M. Alexander-Walker,FWD,437,7,53,Grimsby,hard,H,0,0,0,0,0,0,0,0,0,0,0,0,0,0,0,0,0,0,0
695616,Bolu,Shofowoke,B. Shofowoke,FWD,73,7,48,Stockport,hard,A,79,0,0,0,0,0,0,0,0,0,0,0,0,0,0,0,0,2,4
696128,Jack,McEvilly,J. McEvilly,MID,44,7,42,Walsall,hard,H,0,0,0,0,0,0,0,0,0,0,0,0,0,0,0,0,0,0,0
699803,Charlie,Warren,C. Warren,FWD,888,7,46,Swindon,medium,A,22,0,0,0,0,0,0,0,0,0,0,0,0,0,0,0,1,1,2
700593,Rafiq,Lamptey,R. Lamptey,MID,98,7,87,Cheltenham,hard,A,0,0,0,0,0,0,0,0,0,0,0,0,0,0,0,0,0,0,0
701744,Archie,Hill,A. Hill,FWD,87,7,98,Chesterfield,hard,H,0,0,0,0,0,0,0,0,0,0,0,0,0,0,0,0,0,0,0
702896,Kaion,Lisbie,K. Lisbie,MID,99,7,74,Shrewsbury,easy,A,0,0,0,0,0,0,0,0,0,0,0,0,0,0,0,0,0,0,0
703130,Cole,Jarvis,C. Jarvis,FWD,437,7,53,Grimsby,hard,H,0,0,0,0,0,0,0,0,0,0,0,0,0,0,0,0,0,0,0
703276,Jack,Daley,J. Daley,DEF,100,7,78,York,hard,A,25,0,0,0,0,0,0,0,0,0,0,2,1,0,0,0,0,0,0
704149,Cruz,Beszant,C. Beszant,MID,100,7,78,York,hard,A,0,0,0,0,0,0,0,0,0,0,0,0,0,0,0,0,0,0,0
704159,Will,Gray,W. Gray,FWD,74,7,99,Colchester,medium,H,23,0,0,0,0,0,0,0,0,0,0,0,0,0,0,0,0,0,1
704371,Mark,Barber,M. Barber,MID,87,7,98,Chesterfield,hard,H,0,0,0,0,0,0,0,0,0,0,0,0,0,0,0,0,0,0,0
705024,Micah,Olabiyi,M. Olabiyi,FWD,112,7,108,Reading,medium,H,0,0,0,0,0,0,0,0,0,0,0,0,0,0,0,0,0,0,0
705159,Sulyman,Krubally,S. Krubally,FWD,587,7,76,Plymouth,hard,A,3,0,0,0,0,0,1,0,0,0,0,0,0,0,0,0,0,0,0
705917,Patryk,Sykut,P. Sykut,MID,73,7,48,Stockport,hard,A,0,0,0,0,0,0,0,0,0,0,0,0,0,0,0,0,0,0,0
707848,Louie,Dayal,L. Dayal,MID,100,7,78,York,hard,A,0,0,0,0,0,0,0,0,0,0,0,0,0,0,0,0,0,0,0
707850,Stan,Straw,S. Straw,DEF,42,7,44,Tranmere,medium,A,0,0,0,0,0,0,0,0,0,0,0,0,0,0,0,0,0,0,0
707851,Oliver,Smith,O. Smith,DEF,888,7,46,Swindon,medium,A,0,0,0,0,0,0,0,0,0,0,0,0,0,0,0,0,0,0,0
707855,Alex,Whitney,A. Whitney,DEF,98,7,87,Cheltenham,hard,A,0,0,0,0,0,0,0,0,0,0,0,0,0,0,0,0,0,0,0
707856,Sam,Goma,S. Goma,DEF,2623,7,101,Cambridge,hard,A,0,0,0,0,0,0,0,0,0,0,0,0,0,0,0,0,0,0,0
707878,Alex,Graham,A. Graham,DEF,53,7,437,Newport,easy,A,0,0,0,0,0,0,0,0,0,0,0,0,0,0,0,0,0,0,0
707881,Joe,Astles,J. Astles,FWD,48,7,73,Peterborough,easy,H,0,0,0,0,0,0,0,0,0,0,0,0,0,0,0,0,0,0,0
710800,Patrick,Mlynarski,P. Mlynarski,FWD,51,7,72,Rotherham,medium,A,0,0,0,0,0,0,0,0,0,0,0,0,0,0,0,0,0,0,0
710959,Dan,Marshall,D. Marshall,DEF,48,7,73,Peterborough,easy,H,0,0,0,0,0,0,0,0,0,0,0,0,0,0,0,0,0,0,0
713474,Lohan,McDougald,L. McDougald,MID,101,7,2623,AFC Wim,hard,H,0,0,0,0,0,0,0,0,0,0,0,0,0,0,0,0,0,0,0
713478,Kyle,Cross,K. Cross,MID,112,7,108,Reading,medium,H,0,0,0,0,0,0,0,0,0,0,0,0,0,0,0,0,0,0,0
713484,Harrison,Pugh,H. Pugh,MID,437,7,53,Grimsby,hard,H,0,0,0,0,0,0,0,0,0,0,0,0,0,0,0,0,0,0,0
714364,Lucas,Swann,L. Swann,MID,51,7,72,Rotherham,medium,A,0,0,0,0,0,0,0,0,0,0,0,0,0,0,0,0,0,0,0
714366,Ryan,Chadwick,R. Chadwick,MID,51,7,72,Rotherham,medium,A,0,0,0,0,0,0,0,0,0,0,0,0,0,0,0,0,0,0,0
718500,Charlie,Summers,C. Summers,GK,46,7,888,Accrington,easy,H,0,0,0,0,0,0,0,0,0,0,0,0,0,0,0,0,0,0,0
720249,William,Earley,W. Earley,DEF,587,7,76,Plymouth,hard,A,0,0,0,0,0,0,0,0,0,0,0,0,0,0,0,0,0,0,0
720250,Zac,Scutt,Z. Scutt,FWD,587,7,76,Plymouth,hard,A,0,0,0,0,0,0,0,0,0,0,0,0,0,0,0,0,0,0,0
720252,Robbie,Meakin,R. Meakin,FWD,587,7,76,Plymouth,hard,A,0,0,0,0,0,0,0,0,0,0,0,0,0,0,0,0,0,0,0
720254,Kairo,Piper,K. Piper,MID,587,7,76,Plymouth,hard,A,0,0,0,0,0,0,0,0,0,0,0,0,0,0,0,0,0,0,0
721185,Ben,Farrar,B. Farrar,FWD,78,7,100,Gillingham,medium,H,0,0,0,0,0,0,0,0,0,0,0,0,0,0,0,0,0,0,0
725192,Richard,Ilara,R. Ilara,MID,48,7,73,Peterborough,easy,H,0,0,0,0,0,0,0,0,0,0,0,0,0,0,0,0,0,0,0
730848,David,Animasaun,D. Animasaun,MID,2048,7,82,Rochdale,medium,H,0,0,0,0,0,0,0,0,0,0,0,0,0,0,0,0,0,0,0
730851,Fawaz,Junaid,F. Junaid,FWD,2048,7,82,Rochdale,medium,H,0,0,0,0,0,0,0,0,0,0,0,0,0,0,0,0,0,0,0
730867,Thomas,Armytage,T. Armytage,GK,76,7,587,Burton,hard,H,0,0,0,0,0,0,0,0,0,0,0,0,0,0,0,0,0,0,0
734370,Michael,Luxton,M. Luxton,DEF,100,7,78,York,hard,A,0,0,0,0,0,0,0,0,0,0,0,0,0,0,0,0,0,0,0
735337,Oliver,Hall,O. Hall,DEF,74,7,99,Colchester,medium,H,0,0,0,0,0,0,0,0,0,0,0,0,0,0,0,0,0,0,0
736812,Ben,Childs,B. Childs,GK,72,7,51,Crewe,medium,H,0,0,0,0,0,0,0,0,0,0,0,0,0,0,0,0,0,0,0
737617,Cohen,Lee,C. Lee,MID,72,7,51,Crewe,medium,H,0,0,0,0,0,0,0,0,0,0,0,0,0,0,0,0,0,0,0
738676,Sullivan,Booth,S. Booth,FWD,100,7,78,York,hard,A,0,0,0,0,0,0,0,0,0,0,0,0,0,0,0,0,0,0,0
739090,Ejiro,Abbey,E. Abbey,DEF,73,7,48,Stockport,hard,A,0,0,0,0,0,0,0,0,0,0,0,0,0,0,0,0,0,0,0
739306,Will,Etheridge,W. Etheridge,MID,42,7,44,Tranmere,medium,A,3,0,0,1,0,0,0,0,0,0,0,0,0,0,0,0,1,0,4
739309,Hugo,Aiston,H. Aiston,FWD,74,7,99,Colchester,medium,H,0,0,0,0,0,0,0,0,0,0,0,0,0,0,0,0,0,0,0
739313,Mohamed,Keita,M. Keita,DEF,112,7,108,Reading,medium,H,0,0,0,0,0,0,0,0,0,0,0,0,0,0,0,0,0,0,0
742159,Damien,Theodore,D. Theodore,MID,100,7,78,York,hard,A,0,0,0,0,0,0,0,0,0,0,0,0,0,0,0,0,0,0,0
742481,Shaquille,Gwengwe,S. Gwengwe,FWD,437,7,53,Grimsby,hard,H,81,1,0,0,0,0,0,0,0,0,0,0,0,0,0,0,0,1,8
744180,Lucas,Griffiths-Brown,L. Griffiths-Brown,DEF,46,7,888,Accrington,easy,H,0,0,0,0,0,0,0,0,0,0,0,0,0,0,0,0,0,0,0
744198,Jack,Willow,J. Willow,MID,587,7,76,Plymouth,hard,A,0,0,0,0,0,0,0,0,0,0,0,0,0,0,0,0,0,0,0
744212,Louis,Millard,L. Millard,FWD,46,7,888,Accrington,easy,H,0,0,0,0,0,0,0,0,0,0,0,0,0,0,0,0,0,0,0
744262,Caden,Gilbert,C. Gilbert,MID,587,7,76,Plymouth,hard,A,0,0,0,0,0,0,0,0,0,0,0,0,0,0,0,0,0,0,0
746677,Jake,Spaven,J. Spaven,GK,82,7,2048,Fleetwood,medium,A,0,0,0,0,0,0,0,0,0,0,0,0,0,0,0,0,0,0,0
747260,Sam,Mann,S. Mann,FWD,44,7,42,Walsall,hard,H,0,0,0,0,0,0,0,0,0,0,0,0,0,0,0,0,0,0,0
747261,Thomas,Bradley,T. Bradley,DEF,82,7,2048,Fleetwood,medium,A,0,0,0,0,0,0,0,0,0,0,0,0,0,0,0,0,0,0,0
747686,Harrison,Halpin,H. Halpin,MID,437,7,53,Grimsby,hard,H,0,0,0,0,0,0,0,0,0,0,0,0,0,0,0,0,0,0,0
747922,Joe,Kirby,J. Kirby,MID,2623,7,101,Cambridge,hard,A,0,0,0,0,0,0,0,0,0,0,0,0,0,0,0,0,0,0,0
748210,Daniel,Efobi,D. Efobi,FWD,101,7,2623,AFC Wim,hard,H,0,0,0,0,0,0,0,0,0,0,0,0,0,0,0,0,0,0,0
748214,Noah,Sawkins,N. Sawkins,MID,2048,7,82,Rochdale,medium,H,0,0,0,0,0,0,0,0,0,0,0,0,0,0,0,0,0,0,0
748221,Kristian,Lee Catchpole,K. Lee Catchpole,MID,53,7,437,Newport,easy,A,0,0,0,0,0,0,0,0,0,0,0,0,0,0,0,0,0,0,0
748858,Jackson,King,J. King,DEF,112,7,108,Reading,medium,H,0,0,0,0,0,0,0,0,0,0,0,0,0,0,0,0,0,0,0
749103,Luke,Thomas,L. Thomas,GK,51,7,72,Rotherham,medium,A,0,0,0,0,0,0,0,0,0,0,0,0,0,0,0,0,0,0,0
749228,Kaylan,Hemmings,K. Hemmings,FWD,112,7,108,Reading,medium,H,0,0,0,0,0,0,0,0,0,0,0,0,0,0,0,0,0,0,0
750681,Ryan,Sjoerdsma,R. Sjoerdsma,MID,42,7,44,Tranmere,medium,A,0,0,0,0,0,0,0,0,0,0,0,0,0,0,0,0,0,0,0
750690,Joel,Ewusi,J. Ewusi,FWD,51,7,72,Rotherham,medium,A,0,0,0,0,0,0,0,0,0,0,0,0,0,0,0,0,0,0,0
750692,Noah,Bell,N. Bell,MID,51,7,72,Rotherham,medium,A,0,0,0,0,0,0,0,0,0,0,0,0,0,0,0,0,0,0,0
750764,Daniel,Herd,D. Herd,MID,101,7,2623,AFC Wim,hard,H,0,0,0,0,0,0,0,0,0,0,0,0,0,0,0,0,0,0,0
751842,Reece,Leonard,R. Leonard,MID,82,7,2048,Fleetwood,medium,A,0,0,0,0,0,0,0,0,0,0,0,0,0,0,0,0,0,0,0
753324,Ryan,Gray,R. Gray,MID,2048,7,82,Rochdale,medium,H,0,0,0,0,0,0,0,0,0,0,0,0,0,0,0,0,0,0,0
754444,Campbell,White,C. White,GK,78,7,100,Gillingham,medium,H,0,0,0,0,0,0,0,0,0,0,0,0,0,0,0,0,0,0,0
754449,Lewis,Beadle,L. Beadle,DEF,78,7,100,Gillingham,medium,H,0,0,0,0,0,0,0,0,0,0,0,0,0,0,0,0,0,0,0
754450,Joshua,Terry,J. Terry,MID,46,7,888,Accrington,easy,H,0,0,0,0,0,0,0,0,0,0,0,0,0,0,0,0,0,0,0
754452,Oliver,Belleh,O. Belleh,MID,78,7,100,Gillingham,medium,H,0,0,0,0,0,0,0,0,0,0,0,0,0,0,0,0,0,0,0
754455,Freddie,Hoare,F. Hoare,MID,46,7,888,Accrington,easy,H,0,0,0,0,0,0,0,0,0,0,0,0,0,0,0,0,0,0,0
754460,Luka,Ozisik,L. Ozisik,MID,78,7,100,Gillingham,medium,H,0,0,0,0,0,0,0,0,0,0,0,0,0,0,0,0,0,0,0
754464,Charlie,Webster,C. Webster,FWD,78,7,100,Gillingham,medium,H,0,0,0,0,0,0,0,0,0,0,0,0,0,0,0,0,0,0,0
754465,Jack,Turner,J. Turner,FWD,78,7,100,Gillingham,medium,H,0,0,0,0,0,0,0,0,0,0,0,0,0,0,0,0,0,0,0
755293,Paolo,Mariani,P. Mariani,MID,3448,7,105,Oldham,easy,A,0,0,0,0,0,0,0,0,0,0,0,0,0,0,0,0,0,0,0
755294,George,Mcnamme,G. Mcnamme,MID,87,7,98,Chesterfield,hard,H,0,0,0,0,0,0,0,0,0,0,0,0,0,0,0,0,0,0,0
755295,Israel,Pither,I. Pither,DEF,82,7,2048,Fleetwood,medium,A,0,0,0,0,0,0,0,0,0,0,0,0,0,0,0,0,0,0,0
755297,Jack,Robinson,J. Robinson,MID,87,7,98,Chesterfield,hard,H,0,0,0,0,0,0,0,0,0,0,0,0,0,0,0,0,0,0,0
755298,Noah,Carter,N. Carter,MID,87,7,98,Chesterfield,hard,H,0,0,0,0,0,0,0,0,0,0,0,0,0,0,0,0,0,0,0
755299,Ryan,Todd,R. Todd,FWD,87,7,98,Chesterfield,hard,H,0,0,0,0,0,0,0,0,0,0,0,0,0,0,0,0,0,0,0
755300,Ethan,Hardy,E. Hardy,FWD,87,7,98,Chesterfield,hard,H,0,0,0,0,0,0,0,0,0,0,0,0,0,0,0,0,0,0,0
755301,Archie,Bunn,A. Bunn,MID,42,7,44,Tranmere,medium,A,0,0,0,0,0,0,0,0,0,0,0,0,0,0,0,0,0,0,0
755302,Edward,Sharp,E. Sharp,FWD,53,7,437,Newport,easy,A,0,0,0,0,0,0,0,0,0,0,0,0,0,0,0,0,0,0,0
755303,Darius,Neagu,D. Neagu,MID,53,7,437,Newport,easy,A,0,0,0,0,0,0,0,0,0,0,0,0,0,0,0,0,0,0,0
755304,Curtis,Manyika,C. Manyika,FWD,53,7,437,Newport,easy,A,0,0,0,0,0,0,0,0,0,0,0,0,0,0,0,0,0,0,0
755305,Andrew,Harris,A. Harris,MID,42,7,44,Tranmere,medium,A,0,0,0,0,0,0,0,0,0,0,0,0,0,0,0,0,0,0,0
755306,Jamie,Murefu,J. Murefu,DEF,101,7,2623,AFC Wim,hard,H,0,0,0,0,0,0,0,0,0,0,0,0,0,0,0,0,0,0,0
755308,Jaden,Kandemiri,J. Kandemiri,DEF,42,7,44,Tranmere,medium,A,0,0,0,0,0,0,0,0,0,0,0,0,0,0,0,0,0,0,0
755309,Oscar,Woolford,O. Woolford,MID,78,7,100,Gillingham,medium,H,0,0,0,0,0,0,0,0,0,0,0,0,0,0,0,0,0,0,0
755310,Rory,Da Costa,R. Da Costa,DEF,46,7,888,Accrington,easy,H,0,0,0,0,0,0,0,0,0,0,0,0,0,0,0,0,0,0,0
756075,Oscar,Roberts,O. Roberts,GK,99,7,74,Shrewsbury,easy,A,0,0,0,0,0,0,0,0,0,0,0,0,0,0,0,0,0,0,0